city_id,countryCode,Lon,Lat
1,IND,77.233826,28.58028
2,IND,79.23371,19.97753
3,IND,77.23774,28.61128
4,IND,77.26484,28.498571
5,IND,76.611534,27.554792
6,IND,80.930275,26.882101
7,USA,-120.67751588461539,47.65336938461539
8,IND,77.45367,28.557055
9,ESP,-8.528039638339921,43.05163494624506
10,IND,76.209694,30.736055
11,GBR,-2.0983468095689655,57.14515945344827
11,USA,-124.03142716612903,47.13460200967742
12,ARE,54.433746,24.424398
13,USA,-99.69732704293786,42.659898343502825
14,TUR,35.31867268825911,37.00847541781376
15,ETH,38.74357295238095,9.027568023809524
16,AUS,138.5511344367816,-34.90786131034483
17,IND,78.33436,17.460102
18,IND,78.00598,27.198657999999998
19,TUR,43.45816252780154,39.38952715739949
20,IND,72.59191,23.002657
21,FRA,5.089690677378815,46.016759626570916
22,FRA,-2.6605821365333333,48.103219573333334
23,FRA,-0.49006292785714284,49.05523179081633
24,FRA,3.8193510063106797,43.48405266019417
25,FRA,6.24318633909465,48.925309703703704
26,FRA,0.5206351752911392,49.44408671645569
27,FRA,5.87895849079602,43.69606295522388
28,FRA,-1.0442841981327802,47.380076543568464
29,FRA,-0.9836793027672956,47.38061294339623
30,FRA,5.297303833469388,45.52892326122449
31,FRA,-0.5219630602469135,44.14479400411523
32,FRA,2.357559147979798,48.794613717171714
33,FRA,3.366922301010101,49.85517046464646
34,IND,92.719284,23.717634
35,IND,74.64659,26.47086
36,USA,-81.420794301059,41.138708385779125
37,IND,76.9938,27.9002
38,ROU,23.45274374137931,46.04577470689655
39,USA,-122.91140505070422,44.506004026760564
40,USA,-73.70272400595238,42.84352891369048
41,CAN,-113.79885126338834,53.50207472179185
42,USA,-106.59696281404175,35.10364918975332
43,ESP,-5.8337283,37.34246
44,ITA,8.79863175,44.85299092307692
45,ESP,-5.447701354854369,36.14965489805825
46,ESP,-0.6005973873230268,38.35735941659886
47,USA,-75.37904385431236,40.62373458391608
48,FRA,3.4672848349942065,46.559926330243336
49,ESP,-2.4173160461928935,36.85368466497462
50,ESP,-2.1716239878157504,36.95692306686478
51,ESP,-6.5704203,37.0161
52,FRA,5.749023993358634,43.884067024667935
53,FRA,7.177668854627202,43.68452176395654
54,IND,76.611534,27.554792
55,IND,80.518166,16.515083
56,TUR,35.609728967793885,40.739965528180356
57,IND,76.77833,30.37959
58,IND,76.5623,31.032545
59,IND,74.90776,30.233011
60,IND,74.87651,31.62
61,NLD,4.8387384,52.38706
62,AUT,16.602388235741444,47.76285596197718
63,AUT,14.158074344569288,46.73710424344569
64,AUT,15.932751161710037,48.201363408921935
65,AUT,14.038744317164179,48.158972608208956
66,AUT,13.17679580798479,47.56587320152091
67,AUT,15.226140443820224,47.183974239700376
68,AUT,11.63969415530303,47.304041329545456
69,USA,-149.69624248012718,61.266706389507156
70,USA,-149.06793,61.566661421052636
71,ITA,13.29239994047619,43.574469071428574
72,USA,-84.33586982803469,37.72836794364162
73,USA,-83.52624127941176,35.30928442647059
74,DEU,8.725283341191068,53.2215615235732
75,DEU,9.337908309756097,52.507397814634146
76,TUR,32.809240323818024,39.94668773595004
77,IND,73.01055,21.613268
78,USA,-83.745288237435,42.324982753899484
79,DEU,13.275126106382979,50.950802932624114
80,CHN,117.03047342464114,30.545947453349285
81,IND,76.337616,29.307814
82,BEL,4.494530938728324,51.2301147017341
83,IND,77.76229,28.953588
84,ESP,-2.8172868406271303,42.8320651206544
85,ROU,21.12524593103448,46.179575793103446
86,ESP,-5.7437224,36.73975
87,FRA,4.674867919927754,49.82600798555087
88,ITA,11.892579458333334,43.54656416666667
89,ROU,24.932413310344828,44.88469801724138
90,ESP,-3.6192527,37.13556
91,USA,-68.16156191047297,46.786875330518015
92,IND,86.94597,23.685297
93,IND,86.94597,23.685297
94,ITA,13.542466386363635,42.88639840909091
95,USA,-82.83153747315855,35.488852559300874
96,USA,-90.6986,46.6144
97,FRA,7.547616351502146,48.250453416309014
98,KAZ,71.46722,51.125286
99,ITA,8.24757696,44.864484319999995
100,ESP,-5.780934549744572,43.42751247765006
101,IND,72.6435,22.96961
102,USA,-84.30746986205767,33.69070080406291
103,FRA,3.1722021638297875,45.74084683829787
104,FRA,4.944115525949367,45.57329812025316
105,FRA,5.16982372866242,47.19336801273885
106,FRA,4.309951994736842,49.0223284
107,FRA,6.187153882278481,47.28555510970464
108,FRA,6.139956580124224,48.80788092546584
109,FRA,2.7424223981012656,50.3425986835443
110,FRA,2.7783452869387757,50.60777432653061
111,FRA,-0.09860426907652174,45.103737118012425
112,FRA,2.768039668456376,43.50575946308725
113,FRA,2.632606004201681,49.68491906722689
114,FRA,-0.3014155246280992,46.175301946280996
115,FRA,4.506685013278008,47.192413107883816
116,FRA,4.073968802248521,48.297691227218934
117,IND,76.93609,28.360699
118,USA,-81.95289192981072,33.5480689637224
119,IND,75.244446,19.838943
120,USA,-97.81590732490272,30.418404708171206
121,PRT,-8.625293787976728,40.75722272074984
122,USA,-81.98050437222223,36.028621083333334
123,ESP,-3.687386246842105,40.43269606052632
124,ESP,-0.8858351452156863,41.65487605490196
125,ROU,26.87711674137931,46.459640862068966
126,ESP,-6.663493209648241,38.6830814080402
127,DEU,8.80175280802603,48.595190206796815
128,NOR,10.597976557788945,59.912064346231155
129,IND,75.65969,16.172806
130,IND,77.213356,28.9748
131,IND,76.9254,28.6701
132,ESP,-3.7839124,38.09293
133,MEX,-115.4759311835443,32.631428291139244
134,USA,-118.87369451076717,35.29993366621804
135,TUR,27.97677387410072,40.418431145683456
136,IND,77.3197,28.341925
137,USA,-76.52481462404371,39.356799957741345
138,THA,100.55790937884699,13.736618781967923
139,SVK,19.527714886405278,48.67355169439355
140,HUN,18.21827137416481,46.07564721937639
141,ESP,2.105253995516812,41.52579145579078
142,ITA,16.834495125,41.04955159375
143,ITA,16.288591083333333,41.27874033333333
144,ESP,-5.504008118536586,36.1940222097561
145,FRA,7.669125903620772,48.657254888041926
146,CHE,7.5832696,47.541084
147,CHE,7.588425141704718,47.56646252663622
148,IND,74.90776,30.233011
149,USA,-91.06973606504904,30.407078660815696
150,DEU,11.327667299517804,48.851871990727005
151,IND,77.3197,28.341925
152,USA,-93.98753873531714,29.952771725920126
153,ESP,-1.9854023,37.193424
154,GBR,-5.951259681378026,54.58648827746741
155,ITA,12.128610666666667,46.10333019047619
156,ESP,-2.463218,36.9231
157,USA,-116.7340200211111,47.328061803333334
158,IND,77.595907696634,12.950398228802726
159,CHN,117.35679274155996,32.929317928987196
160,ITA,9.581687741935484,45.62641903225806
161,NOR,5.309287230595745,60.385750031914895
162,USA,-73.17481159862778,42.76242955574614
163,DEU,13.403076035333333,52.50973195933334
163,USA,-71.26002213505747,44.28942368390805
164,CHE,7.45958597565445,46.96355107068063
165,IND,76.8623,28.194908
166,IND,76.141106,28.806223
167,IND,77.40057,23.233583
168,NLD,5.6062946,52.43595
169,ITA,8.135126076923077,45.59763503846154
170,ROU,22.131857,47.207740875
171,IND,80.85494,24.584343
172,GBR,-1.8302606990099008,52.47057368316832
173,USA,-86.8453495166761,33.52538946579989
174,USA,-117.9313923290946,36.935635075788404
175,MKD,21.34646419903581,41.03510533195592
176,ESP,-2.890537902694786,43.26807144932631
177,USA,-115.91080412527964,43.97497493512304
178,USA,-116.38329193690389,43.58884486280264
179,ITA,11.382273766666666,44.461491699999996
180,ITA,11.322049982882882,44.493169333933935
181,ITA,11.428464222222223,46.585199277777775
182,HUN,20.681744,48.21138975123018
183,USA,-71.01939955069444,42.55358556631944
184,FRA,5.2355208394736845,43.44145658795963
185,USA,-105.17397497007481,40.097665577306735
186,USA,-116.36249584428224,48.866054284671534
187,CHN,115.79491550199204,33.84798909428951
188,PRT,-8.377613116806723,41.51712143361345
189,ROU,27.93085633962264,45.25260728301887
190,IND,83.8397,21.800499
191,DEU,13.507956685046189,52.364711965935335
192,ROU,25.6188315,45.66848474137931
193,SVK,17.10394490660165,48.19673665753938
194,NLD,4.8029804,51.598297
195,DEU,8.725036126814363,53.215423490450725
196,ITA,10.278417390625,45.55311890625
197,USA,-73.33980219249395,41.235889845641644
198,ITA,17.799876684210528,40.62180721052631
199,CAN,-123.13014173387339,50.9216992910291
200,USA,-80.21212603293414,26.093164955089822
201,BEL,4.354637859158416,50.84813120544555
202,BEL,4.356472694711538,50.85025094951923
203,ROU,26.08157759259259,44.42561990740741
204,HUN,19.089640504255318,47.509463575
205,ARG,-58.39638,-34.612022
206,USA,-77.88404621187584,43.165212672064776
207,IND,77.84983,28.406963
208,IND,73.01055,21.613268
209,AUT,16.63446046111111,47.76966089444444
210,ESP,-3.45291939935567,42.399469588917526
211,USA,-73.03942194321768,44.502275990536276
212,TUR,29.046577575414123,40.19127041935484
213,USA,-84.40131551492537,39.47564260820896
214,USA,-119.63474333314154,40.72345975604143
215,POL,17.991703852517986,53.12776109232614
216,USA,-121.690556375,38.7316190859375
217,IND,80.518166,16.515083
218,IND,78.35853,17.540892
219,IND,72.8204,19.3832
220,IND,72.85594611290323,19.080676096774194
221,IND,72.88344074193549,19.091772612903227
222,IND,73.01662,19.00875
223,CHL,-72.28322935849057,-37.04501868396226
224,ESP,-6.157975456865286,39.781259927461136
225,ESP,-6.2685723,36.506016
226,ESP,-5.664793234185733,36.350067196500675
227,ITA,9.113316421875,39.28858334375
228,CHL,-68.93273911806168,-22.455204220264317
229,ROU,27.32248008695652,44.20317395652174
230,FRA,-0.19486059429404076,49.17548561514802
231,ESP,-4.844834,36.962296
232,BRA,-47.08855499342105,-22.909989467105262
233,ITA,14.680981425,41.59376845
234,TUR,26.979098898562974,40.28391300591716
235,AUS,149.0831618969555,-35.312018105386414
236,ESP,-3.908614682033426,43.31056925069638
237,FRA,2.858927585113835,45.01233526795096
238,USA,-81.36618388061798,40.824296514044946
239,USA,-81.95958215628538,26.498279244620612
240,ROU,22.299133958333332,45.442559875
241,ESP,-1.8953527,36.996784
242,GBR,-3.092313583295813,51.56706693516434
243,ITA,14.35729654,41.0679816
244,USA,-106.32228595348838,42.834045290697674
245,ESP,-0.1246730191930879,40.156354216378666
246,PRT,-7.301944,40.233055
247,ITA,16.491203857142857,38.93013307142857
248,ESP,-4.864030589641434,36.99366574900399
249,ESP,-0.2578918,41.670395
250,ESP,-0.4055613251340996,41.683884432950194
251,ESP,-5.797824579459459,43.431984781081084
252,ESP,-3.912941666239316,43.31837376923077
253,ESP,-3.5261139989847714,39.40862108121827
254,ESP,-4.58775525,41.956693
255,ESP,-4.576844734899328,41.95940611409396
256,ESP,1.8062015,41.52119075
257,ESP,1.7835721692883895,41.51381291385768
258,ESP,-0.3664033401739131,39.56504165507246
259,ESP,-6.428661248780488,39.54416126829268
260,ESP,-8.26994457379135,42.709598165394404
261,ESP,2.70065729009901,39.537429935643566
262,ESP,-2.2412888565384614,42.39563971538462
263,ESP,-3.685595005172414,40.42393198563219
264,ESP,-1.2528974507575756,37.79677348863636
265,ESP,-1.6954312345864662,42.66620827819549
266,ESP,-2.607475725,43.0791505
267,ESP,-2.6427494347985347,43.15263755311355
268,USA,-91.6290380921659,42.08377522695852
269,IND,72.918015,20.362421
270,TWN,120.6354326639676,24.049973570850202
271,FIN,25.72614653666667,62.266576836666665
272,AUS,148.65284772511848,-22.357595881516588
273,AUS,149.33540395522388,-33.33929506716418
274,CHL,-70.704285,-33.495823
275,CHL,-70.73215,-33.43309
276,THA,101.28636,13.588554
277,IND,76.61493719626168,11.612846607476635
278,USA,-88.27366969085631,40.15536196226415
279,IND,76.76288,30.751463
280,IND,78.78208482696346,19.864180653506928
281,FRA,0.05141656737221204,45.64543789857651
282,FRA,-1.150189980784469,46.15306306061807
283,IND,76.27065,28.593884
284,USA,-79.81446636973834,32.90968092889647
285,USA,-80.76758226652103,35.19794635882032
286,USA,-85.23206989536622,35.07174790134529
287,USA,-120.15718064047151,47.880238259332025
288,CHN,104.07,30.63
289,IND,80.21772097435897,13.03449396346154
290,FRA,2.4764447360432063,46.98857159465605
291,GBR,-1.455950671055133,53.23789091967681
292,USA,-104.65141677733334,41.134117135333334
293,THA,98.98866,18.791092
294,THA,99.82665092280071,19.909615669658887
295,USA,-87.81502403844435,41.8659424984354
296,CHL,-73.03613,-36.92333
297,IND,77.731415,13.428828
298,IND,75.79706,13.328028
299,CHL,-72.09116678738556,-36.6056209155646
300,CHN,117.48533892928039,30.658385903225806
301,THA,100.94397775137111,13.219420950182815
302,DEU,8.84727014612676,48.620984975352115
303,TWN,120.95106787626774,24.705121853955376
304,CHN,118.31653174814815,32.300010540740736
305,USA,-84.47135920100168,39.20731316327212
306,IND,75.57891,31.321907
307,ESP,-4.071323102638889,38.750368180555554
308,ITA,11.827937264544024,42.151069075471696
309,USA,-112.95241118663883,38.92527967265136
310,USA,-81.61018054754098,41.46379193401639
311,USA,-90.19624597777778,41.846716594444445
312,ROU,23.68846183018868,46.90966832075472
313,IND,76.979,10.942451
314,PRT,-8.483812726308345,40.202057147100426
315,IND,79.44624,23.817488
316,USA,-104.859300567297,38.90531463626252
317,USA,-82.9299093922559,34.92125432491582
318,USA,-83.48794003148751,38.53845243177705
319,USA,-122.13736703401361,39.11594020748299
320,ITA,9.10482590909091,45.76563409090909
321,CHL,-71.48308008060454,-32.92682446851385
322,ROU,28.55180975862069,44.217015879310345
323,USA,-88.78804433241758,45.13280426098901
324,CHL,-71.29833143196348,-29.95136179086758
325,ESP,-4.773260736407767,37.89620772815534
326,ESP,-4.8189896807393,37.99130686381323
327,CHL,-73.14740956628478,-37.02154112438625
328,USA,-97.49379262585033,27.79862719727891
329,FRA,1.6608832328205128,45.215162675783475
330,FRA,8.760171786848073,41.941028421768706
331,TUR,34.95571889005236,40.53893882897033
332,ITA,16.299170357142856,39.504699107142855
333,FRA,5.036439913180953,47.304923904
334,FRA,-2.7495275,48.51349
335,CHL,-72.05533883271718,-45.57948808502773
336,ITA,9.908506,45.21579832142857
337,FRA,1.9644292097926268,45.99105738018433
338,ITA,17.071157375000002,39.120873958333334
339,HUN,20.153053,46.266613
340,BRA,-46.39400165333333,-23.85516244
341,ESP,-1.7770863862244899,37.25380350510204
342,ITA,7.850400393103448,44.510295965517244
343,POL,19.12391612984496,50.827002941860464
344,DEU,9.979207375,53.558758499999996
345,DEU,9.982428124069479,53.560267394540944
346,USA,-96.96029102077688,32.768135333785004
347,IND,79.44624,23.817488
348,DNK,11.188311925465838,55.774051220496894
349,USA,-90.54740677187297,41.54948754763448
350,USA,-84.27559221652787,39.817802456758486
351,IND,77.17289535011442,28.637722709000762
352,USA,-81.02426439062499,29.1593119765625
353,NLD,4.3229552184193345,52.060745151534945
354,USA,-105.01789786209088,39.73920671591993
355,USA,-93.63169900645161,41.53413711612903
356,USA,-82.99555132617671,42.45116679727498
357,FRA,-0.34065164334615383,46.423909615934065
358,IND,76.06412,22.96826
359,SAU,50.1543,26.304855
360,IND,76.7997,28.2068
361,LUX,6.008655387685021,49.83603234339846
362,MEX,-99.14793093937948,19.373429995704058
363,ROU,23.771386727272727,44.341636696969694
364,FRA,0.72722214,45.189728
365,ESP,-5.9138417,37.284485
366,FRA,6.3724228640165785,47.346412325546346
367,USA,-121.31513325,40.96789825
368,NOR,10.15485526,59.75156924
369,FRA,5.041882786869871,44.820755560765924
370,HRV,17.04228725,45.3472755
371,HRV,16.740935734177214,45.02030208860759
372,IRL,-6.289768513563218,53.34616642605364
373,USA,-110.0931597004831,40.25671171765969
374,USA,-92.37758975611888,47.408196403846155
375,IRL,-6.1766439096256684,53.280382823529415
376,USA,-107.7500984796748,37.1195855210643
377,IND,87.28922,23.540436
378,USA,-78.9223315650195,36.00942727048114
379,TUR,26.585929112576956,41.25826962181179
380,IND,77.51143,23.10844
381,NLD,5.458589576719577,51.45644962301587
382,ESP,-2.810967,36.769722
383,CHL,-70.66621,-33.5471
384,USA,-115.54145932881555,32.88812950088391
385,USA,-106.40032196811042,31.750755281294623
386,IND,76.302765,10.073232
387,NOR,11.5593,60.883644
388,ESP,-3.284824625912409,40.44166518613139
389,USA,-78.82356352186589,42.95431955976676
390,IND,76.28134,9.985653
391,TUR,41.3805597925801,39.93943390472175
392,AND,1.5522776299765808,42.513342974238874
393,ESP,-4.9268017,38.108143
394,USA,-73.78667442469879,44.067503781626506
395,FRA,2.335194207984366,48.620807145170296
396,FIN,28.645798,61.151899
397,FIN,28.665530454545454,61.15268690151515
398,USA,-122.99356271205961,43.948028882113825
399,FRA,1.1813315275782155,49.16304689918888
400,FRA,1.4694818287777778,48.60916536444444
401,USA,-87.47456299798995,38.028182628140705
402,PRT,-7.3975,38.615
403,IND,77.84983,28.406963
404,USA,-147.5346025854993,64.80803837346102
405,IND,77.31235484062343,28.410281650075415
406,USA,-108.0304288878357,36.782211172722484
407,PRT,-7.9531009605831535,37.14548109233261
408,IND,75.46793,29.503664
409,USA,-78.85996404620461,35.079984247524756
410,HUN,18.936113,46.976112
411,ITA,11.697158981481481,44.799609296296296
412,ITA,11.631353979616307,44.833395226618705
413,FRA,-4.477067586595492,48.3930069252669
414,ITA,11.221607557692307,43.78515592307692
415,USA,-111.9013602217742,35.627877404569894
416,BEL,4.190241657590361,51.07879761927711
417,USA,-83.56656557566303,43.09792002340094
418,ITA,15.732126738095237,41.60143961904762
419,ITA,12.052863125657895,44.21560078815789
420,ITA,12.215455239130435,44.11859647826087
421,USA,-105.25649901805416,40.48177991374122
422,USA,-85.05941069871044,41.15805542203986
423,USA,-91.17956698161245,42.64492138048091
424,NOR,10.942727274193548,59.2102429827957
425,FRA,-52.32236080898876,4.893377935518102
426,USA,-119.66314872678844,36.7129703957382
427,USA,-119.94573425491363,36.634227022036924
428,ITA,13.467981817602997,41.6504590576779
429,USA,-111.88523648913043,42.203644956521735
430,CHN,115.82223647413792,32.880833756157635
431,ROU,28.03343909259259,45.43827544444444
432,USA,-111.07195438788871,45.20102155810147
433,IND,72.65433,23.221714
434,IND,72.65433,23.221714
435,IND,77.35808,28.646233
436,IND,73.776245,20.007328
437,FRA,4.43038480970835,43.90037748142229
438,USA,-113.19511813995486,43.35375433408578
439,IND,77.482,28.47272
440,IND,84.98213778538812,24.78009317408676
441,USA,-119.20135079032258,38.070124951612904
442,POL,18.61741806627219,54.36362701065089
443,POL,18.48683889260385,54.515064390070926
444,AUT,16.380761360902255,48.208290210526314
445,CHE,6.096860106151035,46.19643358952497
446,FRA,0.5086460014925374,43.755522452736315
447,USA,-77.30795323129252,39.923205095238096
448,IND,77.36538073757764,28.671283805124222
449,GIB,-5.351589554187192,36.12508726108374
450,USA,-105.41176376223777,44.399158797202794
451,ESP,-2.156109175,43.20760859659091
452,ESP,2.9617177022222223,42.159929346031745
453,FRA,-0.5981745255559787,44.86712439223153
454,ROU,25.994477854166668,43.9276034375
455,AUS,151.2394795941278,-24.097345452504317
456,GBR,-4.247132670283436,55.86397199291408
457,POL,22.319610921348314,54.316753074906366
458,BIH,18.977,43.661
459,ROU,23.25066558490566,44.91786658490566
460,IND,77.213356,28.9748
461,IND,77.731415,13.428828
462,IND,77.55243,11.258244
463,IND,76.06412,22.96826
464,SRB,20.42960639899624,44.81214228481807
465,HRV,15.990376906439854,45.78252642041313
466,ESP,-3.5728205416666667,37.12433002902622
467,USA,-108.317783,38.9018526
468,USA,-85.54499017889908,43.079876912844036
469,GBR,-3.707296459117647,56.01158946372549
470,USA,-110.14409391081081,44.818248989189186
471,USA,-123.2925380390244,42.3649149300813
472,IND,77.47185233995037,28.50292770719603
473,USA,-87.70753446717171,44.486404287878784
474,USA,-86.67880222698413,38.582939688888885
475,USA,-79.83013268307693,36.20929953384615
476,USA,-80.0161082568306,35.184872392759566
477,NOR,9.640376715317286,59.12445956061269
478,NLD,6.593920213224369,53.23214739598811
479,ITA,11.106251583333334,42.722776333333336
480,ISL,-21.797471460869563,64.35384378260869
481,ESP,-3.194170317161716,40.81484680528053
482,FRA,-61.55970936011478,16.251607172166427
483,MEX,-101.21946414118793,20.745373361246347
484,BRA,-46.463274234234234,-23.44768872972973
485,ESP,-6.036161,37.55502
486,USA,-89.22964748293391,30.34362202832244
487,IND,77.026306,28.450129
488,IND,77.04579814661355,28.44487695059761
489,IND,91.75636444656489,26.161402190839695
490,IND,83.3,17.72
491,FRA,-61.55868517083333,16.247880525
492,IND,78.18921700395258,26.20472775889328
493,HUN,17.12828310557342,47.6797513392283
494,ISL,-21.98795430882353,64.05127739705883
495,USA,-77.81800970627063,39.52494460891089
496,BEL,4.123239587135922,50.469524337378644
497,HUN,21.624445,47.513332
498,IND,85.2459,25.69719
499,IND,88.10973,22.06047
500,DEU,9.981766522016592,53.56138554562859
501,USA,-68.5620230859375,44.26411202734375
502,IND,77.74967,28.725645
503,EST,24.702663172413793,59.434087862068964
504,USA,-76.87223158592776,40.25412542590286
505,USA,-72.62042309011164,41.79527542663477
506,FRA,7.3940346086103546,47.786901857220705
507,FRA,9.365516883963751,42.525342948778565
508,FRA,1.479007850094661,43.58591087807649
509,FRA,3.8870013,45.03898
510,FRA,4.9661117,48.64584
511,FRA,6.15761,47.620014
512,FRA,6.310709667442944,45.98400252398696
513,FRA,1.0712348726147043,45.867122697622996
514,FRA,6.133743758554217,44.622805014056226
515,FRA,0.0011371473494708236,43.152159387871855
516,FRA,2.2712523590200444,48.900845553452115
517,USA,-155.06643040880505,19.574191962264152
518,NLD,5.978675210831722,50.89415015731786
519,CHN,117.24781290625,31.848186635416667
520,DEU,11.284883059241706,48.8647832085308
521,FIN,24.90847732178218,60.24672654207921
522,FRA,3.8123154237352606,43.56468650817801
523,DEU,8.877478972408026,50.44138162486065
524,USA,-82.41864112676056,27.811273323943663
525,USA,-155.5655697598463,19.39043871757925
526,IND,75.74494,29.14056
527,CZE,14.428263040331103,50.070459340260655
528,USA,-157.95022211594204,21.33383233816425
529,USA,-95.24825442446043,29.75985117221223
530,DNK,12.552264544682423,55.68217783087149
531,IND,88.32534389811912,22.601013821316613
532,IND,75.0158,29.5364
533,IND,76.99975,29.000267
534,TWN,121.30350169387755,23.256092204081632
535,CHN,116.79728786929716,33.94030472503083
536,CHN,116.87328522144523,32.65259893240093
537,CHL,-73.11739880232558,-36.785925744186045
538,CHN,118.25537039827374,29.90337300493218
539,CHL,-71.22340033933519,-28.467907148199448
540,IND,75.140724,15.351773
541,ESP,-6.80617248707719,37.186675882046835
542,ESP,0.0010966134348775899,42.177913651600754
543,USA,-124.18960579310345,40.745696183908045
544,ROU,22.982995913793104,45.77093272413793
545,HUN,18.87361453488372,47.42399816744186
546,USA,-82.59475516906946,38.528726871559634
547,ISL,-17.345006263157895,66.06640287368421
548,IND,78.41209480120968,17.423576516935483
549,ROU,27.0094671875,44.640892125
550,ROU,27.64455065,47.17485105
551,USA,-116.12373486343613,46.06464252312775
552,ROU,26.07562695,44.48436385
553,PRT,-16.894900097807756,32.71675488757729
554,PRT,-28.63139,38.605
555,AUS,150.82783840743735,-34.49283926637025
556,FRA,-1.737312350854353,48.05883402929211
557,ESP,2.7764431594121763,39.559528499650106
558,FIN,25.624701364089777,62.656534122194515
559,CHL,-70.65116,-33.422302
560,IND,79.21530216256157,20.32649414778325
561,IND,88.36917,22.49929
562,USA,-86.16122984167737,39.79564025759521
563,IND,73.340225,25.77106
564,IND,75.68388046511627,22.565378359570662
565,FRA,1.7301453217694995,46.909433144935974
566,FRA,0.6828701939215687,47.3961670302521
567,DEU,6.892065614181818,49.29306007636364
568,IND,76.82089,17.320057
569,USA,-118.09993722222222,36.92243138888889
570,IRL,-6.983701683394834,53.42955582287823
571,FRA,5.4181202493019835,45.257195081190304
572,TUR,28.959136492036883,41.0562709782062
573,TUR,27.148036934545456,38.43734343818182
574,IND,79.93224,23.168606
575,USA,-95.56739924264706,36.04992516911765
576,USA,-116.36093488138138,42.716791253753755
577,USA,-81.67597496707381,30.33815164896442
578,ESP,-3.7974582147058826,37.783593034313725
579,ESP,-3.606182667641682,37.95433631809872
580,IND,75.77991063464938,26.937017654095463
581,BIH,17.268,44.343
582,IDN,106.81375469860279,-6.209596320459082
583,IND,75.57891,31.321907
584,IND,77.393845,28.56923
585,USA,-101.53984327213648,41.9920361738424
586,ESP,-6.115885061576354,36.674862246305416
587,CZE,14.210243269533299,49.111306864184584
588,CZE,16.542988166078985,49.03589651163611
589,IND,76.337616,29.307814
590,DEU,9.99111843980344,54.09939955036855
591,IND,73.02602229319372,26.276778513089006
592,IND,86.41467,23.707909
593,FRA,5.480795442292994,46.966235505732485
594,DEU,7.0870479,51.3374525
595,FIN,25.726189,62.266518
596,FIN,25.726222444444446,62.266471912698414
597,DEU,7.063315644890511,51.32582712408759
598,IND,72.8746,19.047
599,IND,76.48666822704081,29.70311045535714
600,IND,76.82137311746989,17.32059639759036
601,IND,73.14202,19.25292
602,IND,75.3732,11.875
603,IND,80.3239008908046,26.470311477011492
604,USA,-94.58083303501445,39.091964062319306
605,TWN,120.41046628484848,22.59910344242424
606,TUR,32.63657296283784,41.19006813344595
607,CZE,12.64435561888889,50.271758382222224
608,IND,77.0027,29.6953
609,AUT,14.168393913157894,46.716290363157896
610,TUR,43.10061724956971,40.6029835989673
611,NPL,85.32592634819792,27.725541543066583
612,IND,80.30443585197935,23.650972364888123
613,POL,18.997277487460813,50.25569118652037
614,LTU,23.99660882029795,55.013986840782124
615,USA,-119.10442832455216,46.39213957639621
616,IND,76.94359,8.51491
617,IND,76.302765,10.073232
618,USA,-118.61920177126655,35.39402695085066
619,IND,76.209694,30.736055
620,USA,-97.5569537433155,31.105054393939394
621,USA,-122.19505,47.508045
622,USA,-82.4558957971246,36.56141666453674
623,TUR,27.676730496717724,41.62518934573304
624,LTU,21.160647561403508,55.69872157309941
625,USA,-83.98490080612245,42.542379176870746
626,USA,-83.98528084011461,35.8059013277937
627,TUR,29.774663789559543,40.81281318189233
628,IND,76.32118,9.969447
629,IND,88.35851229614244,22.55816631454006
630,IND,76.6073,8.8787
631,HUN,18.58343626801802,47.673579847972974
632,SVK,21.069943615862574,48.77905247295322
633,POL,16.19201411002445,54.1941294596577
634,IND,75.82126,25.14389
635,HKG,114.18418087176424,22.322005637594586
636,IND,75.78437,11.249077
637,POL,19.97400142629108,50.049518630985915
638,CZE,16.048188589808557,50.3212579679054
639,NOR,7.9907703436111115,58.148591231944444
640,IND,75.140724,15.351773
641,FIN,27.673287814814813,62.88971871111111
642,IND,72.8888,19.0863
643,IND,76.87588,29.966942
644,CHL,-70.58813,-33.516632
645,USA,-117.94517925698324,45.31218048603352
646,ESP,-2.146701257711951,42.35373252400409
647,USA,-89.59777560697674,34.746697290697675
648,FIN,25.655857704545454,60.985847757575755
649,USA,-105.9663999840142,45.05947723268206
650,USA,-93.47507651609196,30.185255752873562
651,USA,-81.98613274570447,27.984596583046965
652,THA,99.66732212952463,18.307714856955954
653,USA,-76.19801842401391,40.0453017088167
654,FRA,-0.7634010622939068,43.80081195519713
655,IRL,-7.243097889935065,53.07109968831169
656,FIN,26.198866838757397,68.22110161538461
657,USA,-105.83128061538461,41.325850205128205
658,CHL,-70.52332,-33.376774
659,USA,-106.62717619865772,31.893440379418344
660,ESP,-14.766933522546418,28.281156519009727
661,USA,-115.16122821776702,36.1409585876253
662,USA,-116.80790968238213,46.759561374689824
663,ITA,13.142978668141593,41.387250696902655
664,GBR,-1.5380847124357175,52.29189042215989
665,USA,-72.49432223700121,43.397478821039904
666,ITA,18.11469885714286,40.35350482142857
667,ITA,9.387492838709678,45.93938293548387
668,GBR,-1.5612978897659475,53.811810247820105
669,GBR,-1.1257823813932981,52.62917112874779
670,PRT,-8.891667,39.92389
671,ESP,-5.706157567690254,42.72293103604807
672,USA,-116.89778954489796,46.40278869591837
673,USA,-84.55663598756219,37.95598367164179
674,CZE,15.152671844573234,50.82802847102213
675,BEL,5.644480720082816,50.61933912008281
676,LVA,21.004694,56.523174
677,FRA,1.6969907015463916,47.60028650515464
678,NOR,10.465301731494252,61.116896748965516
679,NOR,11.0572311984127,59.95691228571428
680,PER,-76.99983517663422,-12.030548928025034
681,FRA,1.4759694220125785,45.6464203081761
682,BEL,5.375138706467662,50.912305427860694
683,USA,-107.18561700000001,42.541625866666664
684,ESP,-5.3456193775609755,36.165249087804874
685,USA,-122.54914981521739,44.76557235869565
686,PRT,-9.204490723168654,38.83371913458262
687,USA,-92.28583103086922,34.755663043054426
688,GBR,-2.935064374408151,53.35982951333533
689,ITA,10.41007271875,43.297886125
690,ESP,0.9784322073056995,41.849303097409326
691,ITA,9.581596767857143,45.260880642857146
692,POL,19.48077210185185,51.76510308796296
693,FRA,1.3017397,47.594517
694,FRA,4.419159524161586,45.51886412766768
695,FRA,-1.8857998988644689,47.2416200021978
696,FRA,2.224488822367379,47.932912661124305
697,GBR,-0.05273721858129918,51.50853466628927
698,IND,77.27879,28.757294
699,IND,77.27879,28.757294
700,CHL,-72.34326740927152,-37.46716443311258
701,USA,-118.13145777244773,33.938550354243546
702,USA,-118.1544444167177,34.09537761451317
703,FRA,0.38282264814136124,44.350692167539265
704,USA,-85.72455862760943,38.21069296060606
705,AUS,151.69559405155056,-32.875077957309706
706,ITA,10.46355075,43.8682266875
707,IND,80.94232055697721,26.853244149540185
708,IND,75.8086,30.9028
709,ESP,-7.628032124651163,42.81480911046511
710,BEL,5.616814538953489,49.984576665697674
711,LUX,6.074096546419391,49.567103680132206
712,CHN,118.52090353341148,31.694774168815943
713,NLD,5.701449647058824,50.85259993464052
714,ITA,13.54966735,43.309869649999996
715,USA,-120.02204466055045,36.91007824246396
716,FRA,-61.006856745967745,14.606702391129032
717,USA,-89.26687699011858,43.182615361660076
718,USA,-93.71732633017378,40.8466521421801
719,ESP,-3.683938387143572,40.423131533766885
720,IND,83.8397,21.800499
721,IND,72.91635547619047,19.185207063492065
722,IND,77.15301,28.815329
723,IND,80.723175,24.261301
724,FRA,-0.6728882215485997,47.31740358319605
725,ESP,-6.042459,37.34075
726,ESP,-4.486416380487805,36.72365435609756
727,ESP,-4.628730153531598,36.73319203531599
728,FRA,-1.3551245456995413,49.37583111525229
729,GBR,-2.2646549886198546,53.45067489830508
730,USA,-71.70152984573502,42.79065186569873
731,IND,76.33144,30.649961
732,IND,77.51143,23.10844
733,IND,76.9938,27.9002
734,IND,76.93609,28.360699
735,DEU,13.509046819477435,52.33905667933492
736,CAN,-98.58172510964913,49.89651745614035
737,ITA,10.85781177586207,45.1774185862069
738,ROU,23.581974226415095,47.69321130188679
739,ESP,-4.8646307,36.508926
740,DEU,7.788549783333333,49.825395
741,DEU,7.8049092370460045,49.81986997336562
742,USA,-122.49693279411764,44.8765486372549
743,USA,-119.77334713867188,37.62788324804687
744,FRA,4.140176215884079,49.105266384079236
745,USA,-95.00059775015538,38.55716986078309
746,USA,-78.39583835690789,31.952425350328948
747,FRA,-60.99446519827586,14.639300479525861
748,ITA,10.113898636363636,44.05617
749,USA,-149.06878807628524,61.566400126036484
750,ITA,16.530882,40.532426125
751,USA,-156.43036474358973,20.88600887179487
752,FRA,-0.6062739709279539,47.928917355619596
753,IND,72.82,18.91
754,DEU,12.410660587246193,53.883935450507614
755,COL,-75.57730533333334,6.233294513333334
756,USA,-122.8119736347032,42.43678597716895
757,IND,77.74456373920266,29.005908524916943
758,CHL,-70.44205041037736,-23.101944353773586
759,AUS,145.06415735516373,-37.83256940050378
760,USA,-89.98312814035087,35.109370007797274
761,FRA,6.219518502295823,48.6693609461799
762,FRA,5.502192056431372,48.96717833137255
763,MEX,-99.09488341321921,19.528338867332383
764,USA,-80.24778754124749,25.79180769416499
765,USA,-80.19926570833333,26.030689915416666
766,USA,-86.79734785731857,41.67354111193112
767,USA,-71.95338077622378,42.091833657342654
768,DNK,9.471701486516036,56.21163652915452
769,ITA,9.155343413793103,45.498561206896554
770,USA,-87.93323053452686,42.931573427109974
771,USA,-87.95986305834018,43.166423838948234
772,IND,76.141106,28.806223
773,IND,76.11311,28.06025
774,IND,76.9254,28.6701
775,USA,-93.34845681880064,45.07814854910859
776,USA,-113.9040707071291,47.00949079094413
777,HRV,16.442121983606558,43.52946306557377
778,MKD,21.44712825,41.79376825
779,IND,80.10765,12.909916
780,USA,-88.11408446182496,30.623237474860336
781,ITA,10.911063827586206,44.69070203448276
782,ITA,10.906503298802395,44.644332015568864
783,USA,-120.91785949845963,37.572688681454096
784,ESP,-6.787559270588235,37.16684320098039
785,ESP,-1.8422097,37.138798
786,USA,-119.04290489594356,37.80288385714286
787,USA,-108.53414448327138,37.26680441016109
788,USA,-86.25416682009346,32.47230116121496
789,USA,-88.84055908306962,38.63205267958861
790,ITA,9.264196958333333,45.59816025
791,IND,78.7213,28.82534
792,CZE,18.283354183730715,49.781655896914444
793,FRA,-3.11117881529517,47.70201903175313
794,USA,-76.6203,34.8848
795,AUS,146.40585937007873,-38.23434915748032
796,RUS,37.53536914666667,55.714916026666664
797,FRA,6.458141518588578,49.204637647144416
798,ESP,-3.5173013,36.74312
799,USA,-85.75462780446928,39.16342637430168
800,IND,75.76822,23.182718
801,USA,-111.20667108266667,47.976975488
802,IND,72.86132337154326,19.061262438001783
803,IND,80.62777,16.507013
804,ESP,-1.223712671202916,37.838958719319564
805,ROU,24.45678092105263,46.52471302631579
806,IND,77.719406,29.472351
807,IND,85.38471919504644,26.101779102167182
808,IND,77.53979,12.951913
809,IND,76.51446498661568,12.289253330783938
810,ARE,54.88269390710382,24.85204480874317
810,CAN,-74.6611498418777,45.7734609431748
810,CHE,117.57221604040404,34.92397653030303
810,IDN,106.81380972000001,-6.209523062
810,NPL,85.31652,27.713512
810,PAK,71.57971084158416,31.189667113861386
810,USA,-96.45138717596566,38.990387284334766
810,VNM,106.26516179000001,15.835649695
811,CHL,-72.66524209333333,-37.505743531111115
812,IND,79.05175,21.152876
813,KEN,36.719369,-1.2717092666666667
814,THA,102.102196,14.976786
815,BEL,4.943633857491289,50.292541658536585
816,THA,101.0483,19.540054
817,IND,73.09792,22.410803
818,ITA,14.28142573076923,40.85851615384615
819,IND,76.11311,28.06025
820,IND,73.776245,20.007328
821,USA,-86.76175670989976,36.05334870676692
822,CZE,15.603132039900249,49.876874997506235
823,ESP,-1.7163177144927537,42.66289997536232
824,IND,73.01274099031477,19.061140336561742
825,ROU,26.489782897435898,46.92927828205128
826,IND,76.33144,30.649961
827,IND,75.8086,30.9028
828,IND,79.35,13.67
829,IND,72.65433,23.221714
830,IND,74.87651,31.62
831,CHE,6.979209,47.049515
832,CAN,-65.77973590170802,46.146220464067035
833,IND,77.0719,28.571028
834,USA,-72.87471003208907,41.36666720825147
835,USA,-90.27810692105263,30.172642141097423
836,HKG,114.09352656998051,22.381823171929824
837,USA,-74.1008465035503,40.71762100532544
838,GBR,-1.6033213993883793,54.98212425229357
839,CAN,-55.084208961779446,48.729075258145365
840,ESP,-6.678652,37.359047
841,AUT,15.928892076142132,48.21073816751269
842,DEU,9.389538676348547,52.53899223689174
843,FRA,3.630538900118413,47.13462517465956
844,ESP,-2.0157607102941175,36.89762959313725
845,NLD,5.857359987365761,51.83979795388503
846,SRB,21.91629485597826,43.31956272826087
847,SVK,18.10910313939752,48.29620084170112
848,IND,77.34337070516717,28.583154003039514
849,THA,100.52181448275861,13.860342899784483
850,FRA,3.1651659785584934,50.555429507062655
851,DNK,9.930876,57.046654
852,DEU,7.080421985023898,51.343073751991504
853,TWN,121.43326544534413,25.036928993927127
854,GBR,-2.8851300041627246,53.41981908136235
855,AUS,150.32997964028777,-30.800725179856116
856,FIN,27.146829794657762,65.57907543516973
857,FIN,27.674275173672566,62.88863950995575
858,CAN,-114.81717764772728,61.819657075
859,GBR,-1.1674925192966636,52.961996910730385
860,CAN,-62.512540782875604,45.44088749305331
861,ITA,8.620581428571429,45.51336285714286
862,ITA,9.3219625,40.4461989
863,ESP,-4.801726,38.132458
864,AUT,14.092305855329949,48.17019422335025
865,USA,-82.1369381331058,29.181764960182026
866,USA,-111.98138003023517,41.25188629787234
867,FRA,2.3813671361413045,49.308143523097826
868,USA,-119.84593890612246,48.436008707142854
869,USA,-97.51581119641602,35.47684734926212
870,CZE,17.2939182891611,49.764779278025244
871,USA,-95.95857961717792,41.31556415766871
872,IND,72.59191,23.002657
873,CAN,-80.44226165142364,44.49704257204487
874,BEL,3.8409471965635738,51.108297945017185
875,IND,77.5859,13.029152
876,FRA,55.42338298408488,-21.11019171352785
877,FRA,-52.3227398974359,4.881550146153846
878,FRA,1.158512704814815,43.52409922839506
879,IND,82.90831,25.3506
880,TUR,37.57796388,41.03815902666666
881,USA,-81.48442788490566,28.54307059528302
882,FRA,-0.1746622664770115,48.54559375172414
883,HRV,18.76591641125,45.6276028775
884,NOR,10.7650464620954,59.92180501277683
885,IND,85.1707,20.936071
886,FIN,22.17595474861111,63.391193002777776
887,FIN,25.4845983203125,65.02665672656249
888,ESP,-7.644511307157895,42.20790192631579
889,USA,-86.98729632402235,37.858922391061455
890,GBR,-1.2589591768744355,51.748055650406506
891,USA,-118.94159016881919,34.32058517850554
892,ITA,11.777002193548388,45.379272032258065
893,USA,-88.50529173684211,37.094627694078945
894,FIN,25.655703793650794,60.98584284325397
895,ESP,-4.690357422366288,42.40932425121556
896,IND,73.340225,25.77106
897,USA,-80.62192669666183,28.182979124818576
898,ESP,-6.906090924390244,37.20160151219512
899,IND,77.3308151227831,28.148556
900,IND,77.289345,30.148056
901,IND,76.85318,30.705778
902,IND,76.99333,29.497972
903,CZE,16.112300969283275,49.889476
904,FRA,2.3577566598367348,48.85452129061225
905,USA,-81.49786436858476,39.38838893934681
906,ITA,10.335703913043478,44.804680347826086
907,ITA,10.336764420359282,44.803813589221555
908,FRA,2.251947750641731,50.65778633516685
909,IND,78.41703,17.434237
910,IND,76.366646,30.349388
911,IND,85.11508028882353,25.525743830588237
912,IND,77.28721,28.623749
913,ITA,8.995482767857142,45.12479532142857
914,USA,-119.03729668253968,45.73830254761905
915,USA,-87.2379032901024,30.44582173606371
916,USA,-89.59694691298145,40.71513215549216
917,USA,-86.99854613793103,37.78288817241379
918,ITA,12.447606857142857,43.17828942857143
919,ITA,12.821129041666667,43.818352375
920,ITA,14.205956673076923,42.46518207692308
921,HUN,18.920002,47.306667
922,DEU,11.216516542270531,50.8817937294686
923,IND,76.8623,28.194908
924,USA,-75.1132943918919,39.992289343629345
925,USA,-75.43214630848675,39.85274573057926
926,USA,-112.03235836444709,33.45695265011891
927,ITA,9.74588566,44.93890548
928,ITA,9.700790349236641,45.047216148854965
929,FIN,23.779704943506115,61.51930583750728
930,ITA,10.644689611111112,43.58007107407408
931,ITA,10.955034333333334,43.928732249999996
932,IND,75.67524,22.624758
933,USA,-80.0044173161405,40.45109983770565
934,POL,19.698788720652175,52.553621906521734
935,IND,75.67524,22.624758
936,USA,-120.87997288679246,40.009940655345915
937,GBR,-4.1368252398773,50.38973072085889
938,CZE,13.365286644257703,49.74372218557423
939,USA,-94.13028453030303,36.2556904491342
940,IND,91.7362,26.1445
941,ESP,-8.666583762411348,42.375114434650456
942,USA,-124.61518554157783,48.326268717484005
943,AUS,137.78685,-32.510006
944,USA,-70.44203703688093,43.571576938883034
945,USA,-122.70401666882516,45.48539588297872
946,PRT,-8.588676392414122,41.21423566125954
947,ITA,15.832323921875,40.61011465625
948,USA,-73.95151432339792,41.656033008941876
949,POL,16.940043225337487,52.404998018691586
950,ESP,-5.5316277,36.79449
951,ROU,26.02741318644068,44.928974525423726
952,ITA,11.0984081,43.87372
953,SVK,21.286272952826792,49.02144540655384
954,CAN,-63.243721753990286,46.365962024288685
955,USA,-71.42550536539176,41.71586308986261
956,USA,-111.68489433417508,40.24083288341751
957,USA,-121.41582060493828,38.2990954691358
958,CHL,-71.44123860316104,-32.7475968231525
959,CHL,-70.75017,-33.437813
960,CHL,-70.59479,-33.591393
961,CHL,-72.93450784994862,-41.43976674409044
962,ESP,-6.2251697,36.522823
963,USA,-117.46719614271555,46.93209774430129
964,IND,73.81535417558887,18.499732585653106
965,ESP,-6.9641366,37.18568
966,FRA,3.1117165294219156,45.786405298964624
967,FRA,-0.9069971096803455,43.39734718574514
968,FRA,2.8847897211382114,42.69907391666667
969,FRA,9.181442092140921,42.342051956639565
970,CAN,-72.83801486592449,46.405053276379476
971,CHL,-70.72379,-33.34963
972,CHL,-71.24819611764705,-32.90655817647059
973,CHL,-71.48559664218617,-32.79797829291204
974,DEU,13.403178503623188,52.51062327536232
975,IND,81.73632,16.987288
976,IND,77.5901,12.938539
977,USA,-78.60355575113637,35.76452493484849
978,IND,77.29805,12.733409
979,CHL,-70.72552164458955,-34.15310302518657
980,IND,75.04598,23.331732
981,ITA,12.171479261904762,44.424640333333336
982,ITA,12.206034139324487,44.4235317177322
983,THA,101.21105797933157,12.772478058707124
984,GBR,-0.9422271583333334,51.453993430555556
985,USA,-122.17446627146815,40.21632181717452
986,USA,-122.1918779134533,40.55322626392459
987,ITA,16.000213433333332,38.24746506666666
988,ITA,10.6385057,44.64359588
989,ITA,10.643215112709832,44.694294420863315
990,IND,77.3101,28.5898
991,IND,75.74494,29.14056
992,CHL,-70.85298,-34.394543
993,USA,-119.77750430791095,39.51509313027002
994,FRA,55.42474724747664,-21.050471385794392
995,ISL,-21.87415274074074,64.13361243518519
996,LVA,27.333368,56.510204
997,DEU,7.801819103561254,49.81705336467237
998,FRA,4.854403488672306,45.75875054873115
999,USA,-77.3563597166405,37.555990864207224
1000,ITA,12.910218698843094,42.48852915545915
1001,LVA,24.115871,56.950607
1002,ITA,12.536510886363637,44.02642977272727
1003,USA,-108.30708343953069,40.04567642599278
1004,USA,-117.1574715980025,34.03624641791511
1005,USA,-83.74617421981424,43.54729378328173
1006,USA,-108.83499877978339,41.628007776173284
1007,IND,76.57835199363733,28.81434218292683
1008,ITA,12.343251811327562,41.935358955988455
1009,IND,77.06692,29.0272
1010,NLD,4.458881590147783,51.925894827586205
1011,NLD,4.484109472881356,51.892349824858755
1012,ITA,11.71342673076923,45.07098680769231
1013,IND,76.5623,30.8143118412483
1014,DEU,11.097826602941177,51.71041370955882
1015,POL,22.007615010245903,50.032457346311475
1016,IND,75.04598,23.331732
1017,DEU,6.891289124045802,49.29325382347328
1018,DEU,13.28920552014652,50.955029518315015
1019,DEU,11.676085924834636,51.81604533734215
1020,USA,-121.34877359151113,38.64270208097532
1021,IND,78.802895,23.864016
1022,FRA,55.46906145113788,-21.333031772423023
1023,TUR,30.403421157323688,40.77999162206148
1024,ESP,-5.8882839149122805,40.9273661875
1025,USA,-122.96089159954751,44.87725855882353
1026,ITA,14.7776654,40.6934229
1027,USA,-121.68587863636363,36.58736745454546
1028,USA,-111.93473451809356,40.67985825728155
1029,AUT,13.122536670454545,47.547700007575756
1030,TUR,36.29475323631841,41.31765689966832
1031,THA,100.63280808701721,13.625800261749651
1032,THA,100.2904200101954,13.629350077740016
1033,USA,-98.51106537712896,29.43150629002433
1034,USA,-117.57178577090909,34.049429535757575
1035,USA,-117.01918341930904,32.827409578324655
1036,ESP,-6.2030663,36.460594
1037,USA,-122.15081877368739,37.79572523868437
1038,USA,-121.75132497103918,37.18779304258944
1039,USA,-108.86463131578947,37.24917818947369
1040,ESP,-6.844627,37.315395
1041,USA,-120.62864083599574,35.152090104366344
1042,USA,-120.55966417014122,35.31701580127774
1043,ESP,-5.6668735,37.994347
1044,ESP,-5.397030344554455,36.196741613861384
1045,CHE,9.394312,47.40699
1046,USA,-120.09625622410056,34.60402085955787
1047,ESP,-16.66710319063545,28.37537500083612
1048,USA,-122.08502485288966,37.08038723292469
1049,PRT,-8.466111,39.3525
1050,CHL,-70.6608,-33.46414
1051,BRA,-46.31126257352941,-23.971803139705884
1052,BRA,-46.57951133474576,-23.047404555084746
1053,BRA,-46.66044805907173,-23.570330147679325
1054,FRA,4.68010786429652,46.700756660741305
1055,THA,100.90171065772434,14.604614862627198
1056,BIH,18.3289124874864,43.83114792165397
1057,USA,-82.47127349270913,27.263005567152724
1058,IND,76.77833,30.37959
1059,IND,80.239815,13.0052185
1060,FRA,0.197586695,47.96313656971429
1061,CAN,-97.6342775154185,47.657015442416615
1062,ITA,8.51026740909091,40.755911636363635
1063,IND,80.85494,24.584343
1064,ROU,22.667601375,47.7445915
1065,FRA,6.13561734375,45.55891487443694
1066,DEU,9.861499095993322,54.127878213689485
1067,CHE,8.463334,47.067387
1068,USA,-75.6825409079079,41.395823883883885
1069,IND,77.719406,29.472351
1070,USA,-75.39212620498301,38.71315873839185
1071,USA,-122.21503496038916,47.44791529742877
1072,IND,76.99333,29.497972
1073,IND,75.82126,25.14389
1074,FRA,2.6842190755379387,48.575400290675724
1075,FRA,0.6725354906057309,49.55292094051505
1076,FRA,2.4599015080954243,48.916051722330856
1077,PRT,-8.88228460903846,38.34825789384615
1078,ESP,-5.953393008238276,37.42930294423321
1079,IND,77.58491,12.920984
1080,IND,75.73094,26.950293
1081,USA,-87.75514493994778,43.74234361357703
1082,GBR,-1.4402602972972973,53.39337456563707
1083,IND,91.8985,25.5586
1084,IND,80.957146,26.871428
1085,USA,-93.80524304071857,32.60957878323353
1086,ROU,24.24454033962264,45.97415345283019
1087,ITA,11.239511818181818,43.40083472727273
1088,IND,88.41267,26.688305
1089,IND,77.62281,12.917348
1090,IND,82.64558,24.10897
1091,TUR,34.88368265638766,41.70581340748898
1092,IND,75.0158,29.5364
1093,TUR,37.01936636,39.748004951304345
1094,DNK,12.088629,55.694103
1095,USA,-122.58731691410392,48.49317626086956
1096,SWE,13.041152391891892,55.71128810810811
1097,IND,75.90639,17.65992
1098,USA,-81.54756627104378,38.74982651515152
1099,FRA,2.262084703477765,49.889996982896236
1100,ITA,9.931068982142857,46.24574482142857
1101,THA,100.29,7.0100007
1102,IND,77.06500345177665,29.0272
1103,ESP,-2.659757933442623,41.74536514754098
1104,USA,-86.18901994031414,41.7102093026178
1105,AUS,153.0725149068768,-27.51953072206304
1106,FIN,28.657281571122994,61.153072645989305
1107,AUS,56.902006035587185,-10.204034021352314
1108,AUS,147.1695057352941,-35.57244836029412
1109,GBR,-1.4295594665743308,50.91418749584488
1110,FIN,21.75656053006873,60.10410717353952
1111,HRV,16.442182399503725,43.529305456575685
1112,USA,-117.37123054903314,47.67210466712707
1113,USA,-117.46966153125,47.724461890625
1114,USA,-79.11117318901175,40.854397373185904
1115,IND,81.73632,16.987288
1116,USA,-90.20973026207767,38.683040531417745
1117,MKD,21.48765394402985,41.796476708955225
1118,USA,-77.90110113719008,40.77153359669421
1119,NOR,5.728116868213457,58.96070065939675
1120,DEU,8.883469147129187,50.45413335885168
1121,AUT,15.316199023076923,47.11462663589744
1122,USA,-117.95271763913824,48.16237344344704
1123,SWE,17.982892175834973,59.32030841453831
1124,USA,-121.35378957770801,37.81771620041863
1125,GBR,-1.3376311767552183,54.54077387523719
1126,GBR,-2.143814967186068,53.0045482263978
1127,CZE,14.563244707226355,50.19332321395678
1128,USA,-109.85663694302767,42.66441205697233
1129,ROU,26.2279356,47.71610374
1130,GBR,-1.407534575760649,54.89870179006085
1131,IND,82.64558,24.10897
1132,POL,22.93875,54.116055
1133,CHN,116.9777350998767,33.635705160295934
1134,USA,-109.19305432835822,41.44835417503392
1135,DNK,10.559832654354588,55.0770236407465
1136,AUS,151.1459482769598,-33.88156183645046
1137,AUS,150.81888960209002,-33.73793938946945
1138,AUS,150.70530174363057,-34.05234494546178
1139,HUN,21.70584,47.961113
1140,POL,14.591002984375,53.41365195265152
1141,TWN,118.9429994906445,23.99797251143451
1142,CHL,-70.953064,-33.67375
1143,CHL,-71.64960202157599,-35.42328979924953
1144,CHL,-73.1208123070218,-36.731279224213075
1145,IND,85.1707,20.936071
1146,USA,-84.25881544101345,30.26922292953286
1147,USA,-82.52375352664298,27.955958638543517
1148,FIN,23.754197339694656,61.50133334732824
1149,ITA,17.273857896551725,40.49261975862069
1150,FRA,2.187839740335521,43.77011355361051
1151,POL,20.99834226037736,50.01920494716981
1152,ESP,0.9651911908254398,41.04448416644114
1153,AUS,147.0371354326923,-41.89085208653846
1154,TUR,27.74215372854641,41.14812715061296
1155,ROU,25.11067825,43.87110966666666
1156,LTU,22.09057188218391,56.146417109195404
1157,CHL,-72.60036845141066,-38.737876711598744
1158,ITA,12.467367923076923,42.60063230769231
1159,USA,-87.36288315055079,39.52562919461444
1160,FRA,6.859275,47.64066
1161,ESP,-0.5741217813043478,40.74118846376812
1162,IND,72.95852,19.192057
1163,IND,76.7997,28.2068
1164,IND,76.93925772472784,8.518612166018663
1165,DEU,12.395945682254197,53.857746947242205
1166,CHE,8.904676,47.479774
1167,DEU,11.237940043173118,50.90193315440238
1168,CHE,8.950587209677419,46.07203764264768
1169,ROU,21.273998379310346,45.74949812068965
1170,AUT,11.663141627819549,47.32075351879699
1171,IND,79.35,13.67
1172,IND,72.95852,19.192057
1173,CHL,-70.19870748903509,-22.094134486842105
1174,TUR,36.39845848039216,40.4561274248366
1175,ESP,-4.261774822375398,39.88390148780488
1175,USA,-83.55305662655601,41.53133530428769
1176,CHN,117.80133598725376,30.92158579258401
1177,IND,75.46793,29.503664
1178,ITA,7.555320959375,45.139025375
1179,POL,18.621430701754385,53.01967134307992
1180,TUR,39.6658886383855,41.0067860708402
1181,SVK,18.412342014892445,48.804197761169334
1182,ITA,11.141151295454545,46.035565772727274
1183,USA,-74.80505170117955,40.29718269331586
1184,ITA,12.35044192,45.79825916
1185,SVK,17.649629888080582,48.27071527028539
1186,NOR,10.392997631590413,63.40822453812636
1187,USA,-120.59753685592011,39.28831560485021
1188,USA,-110.96694148107615,32.20828625125399
1189,USA,-118.90168169150327,36.08296975555555
1190,ROU,28.60031825,45.223386
1191,USA,-96.00699516942149,36.11749774793388
1192,BIH,18.641093726934216,44.53207539842781
1193,IND,73.63214,24.588617
1194,USA,-109.59208621716203,40.32147683700863
1195,IND,75.76822,23.182718
1196,GIB,-5.351545843703704,36.1249078
1197,MNG,106.91205266373412,47.90986172727273
1198,DEU,11.685755717548076,51.79805940625
1199,AUT,14.567094159615385,47.673731765384616
1200,AUT,9.815369347826087,47.3508977826087
1201,CYP,2.9826934e-4,3.1526501895833334e-4
1202,CZE,13.857264478947368,50.601426427719296
1203,NLD,5.12523970313757,52.09484782783588
1204,FIN,24.85948333006536,60.24684945969499
1205,FRA,2.2668822225668865,49.02934280457542
1206,FRA,2.444880208606061,48.79680285030303
1207,ROU,24.333956999999998,45.06062870588235
1208,CHL,-73.24363535817805,-39.818361670807455
1209,ESP,-0.5386717402211796,39.47421219705094
1210,ESP,-4.760424052678571,41.60390644805195
1211,USA,-122.04970954531169,38.22111026977475
1212,IND,72.918015,20.362421
1213,FRA,6.17162756137138,43.25088927640545
1214,IND,82.94028664259928,25.350579449458483
1215,ITA,8.8485454375,45.681125
1216,SWE,20.610282,64.290711
1217,SWE,12.273731477272728,57.79439613636364
1218,IND,72.6435,22.96961
1219,FRA,4.953589303814262,43.956440349364286
1220,CHE,6.791913942975735,46.66738806641124
1221,NLD,4.6040697,52.47665
1222,FRA,-1.0904213094307074,46.658714776883265
1223,ITA,12.352724125,45.511709607142855
1224,LVA,21.59199,57.404633
1225,ITA,8.426071403846153,46.00550346153846
1226,ITA,8.309476115384616,45.45512969230769
1227,ITA,11.176716961538462,45.39375
1228,HUN,17.7276556,47.09824495337079
1229,PRT,-8.693889,41.802223
1230,ITA,16.0897675,38.670516166666665
1231,ITA,11.521136161290322,45.66467496774194
1232,FRA,0.3498206978218391,46.584201622413794
1233,IND,75.722694,16.802639
1234,IND,80.62777,16.507013
1235,PRT,-7.790833,41.371387
1236,ESP,-4.903967,38.137928
1237,ESP,-3.0051491,38.175026
1238,LTU,25.25603812759644,54.691575835311575
1239,USA,-76.42568161120944,36.94245024070796
1240,IND,83.3,17.72
1241,USA,-119.05441974686306,36.419135835788325
1242,PRT,-8.100556,40.64111
1243,ITA,12.051472711328977,42.53958264342774
1244,IND,77.31526,28.672342
1245,BEL,4.496561383959044,50.90238396587031
1246,AUT,9.812034692913386,47.336519669291334
1247,FRA,6.695495884714446,48.0935344031355
1248,CZE,15.35594666532553,49.44981772750549
1249,BEL,5.055719921641791,50.389362641791045
1250,POL,21.00324120923077,52.229457363076925
1251,USA,-89.67446195575221,39.45687367098609
1252,USA,-77.09835454800499,38.9120803584788
1253,USA,-83.22577621745789,42.35129773353752
1254,USA,-80.60619921052631,40.39140720574162
1255,IND,88.35202,22.6298
1256,IND,88.37771349206349,24.62502503174603
1257,GBR,-1.9199088785471055,52.56569570034052
1258,BEL,3.1438875673913045,51.02175303726708
1259,USA,-122.29977713333334,48.855087465079365
1260,USA,-97.37101577594628,37.65056593162393
1261,AUT,16.38277472727273,48.204146974747474
1262,USA,-80.78658497297297,36.8634130317965
1263,USA,-80.26010965577342,36.065006908496734
1264,POL,19.05175808924485,52.64772949656751
1265,USA,-71.75007661242236,42.18843454161491
1266,POL,17.05599259294266,51.11367156080655
1267,CHN,118.37231912649165,31.366949002386637
1268,CHN,118.73806653960395,30.95399514727723
1269,IND,77.1428,16.7602
1270,USA,-120.42325221898598,46.488545681769146
1271,USA,-120.35842339856558,46.34748224487705
1272,TUR,29.14668586113537,40.61507685414847
1273,IND,77.289345,30.148056
1274,IND,77.289345,30.148056
1275,IND,77.289345,30.148056
1276,TWN,121.76925623553718,24.691064303719006
1277,FRA,3.425281541843318,48.00260953640553
1278,GBR,-1.0811381815302143,53.9596279834308
1279,USA,-76.58078639328278,39.913110477789814
1280,USA,-80.55844656259822,41.237436463593504
1281,TWN,120.32113004646465,23.489156155555555
1282,FRA,1.8918940623548923,48.771969714759535
1283,ESP,-0.8306215588539043,41.6473464231738
1284,BIH,17.88441028067885,44.2283687232376
1285,SVK,19.110617816393443,49.09457289180328
1286,CZE,17.62992456292095,49.22875944097838
1287,TUR,31.77977025882353,41.448088291764705
1288,CHE,8.56038262121212,47.39379404856787
1289,GRC,23.740008977272726,38.01415089772727
1290,GRC,22.94136373076923,40.63415262820513
1291,MNG,96.26234,46.376526
1292,MNG,102.78922,46.258915
1293,MNG,113.28025,46.680305
1294,MNG,100.720085,46.19711
1295,MNG,103.51867,48.818222
1296,BGR,27.49940587804878,42.54100646341463
1297,BGR,27.7521089,43.22371953333334
1298,MNG,104.42267,43.56761
1299,MNG,105.9065,49.49039
1300,MNG,106.95365,47.71039
1301,MNG,106.85,48.866665
1302,MNG,106.27489,45.767113
1303,MNG,100.16653,49.638863
1304,MNG,89.96494,48.969196
1305,MNG,110.146385,45.06664
1306,BGR,23.30412404347826,42.6772902173913
1307,BGR,25.756615,42.289155071428574
1308,MNG,106.19278,50.239693
1309,MNG,92.07736,49.971943
1310,MNG,96.84739,47.72689
1311,MNG,91.63392,47.996
1312,MNG,101.46245,47.472195
1313,MNG,110.64867,47.32397
1314,MNG,114.53758,48.080555
1315,MNG,108.24611,46.357777
1316,MNG,104.03671,49.018223
1317,ISR,35.315657895072995,31.168046724452555
1318,ISR,34.944076105504585,29.54317228440367
1319,ISR,34.80468602653248,32.066615270814275
1320,ISR,35.046616292504574,32.80202421572212
1321,ISR,35.18596577106227,31.79438700824176
1322,ISR,34.683505795787546,31.7027059514652
1323,ISR,35.35229195246801,32.63016272760512
1324,ISR,35.18860552189781,32.9018497600365
1325,ISR,34.867150225364966,31.16544852919708
1326,ISR,35.16779,32.10348
1327,ISR,34.91917797985348,31.887379103479855
1328,ISR,34.97598435315645,32.46426480695334
1329,ISR,34.89080402274795,32.34139174340309
1330,CHN,130.94005114285713,45.80934749583333
1331,CHN,109.502165885625,18.2583880675
1332,CHN,117.64649350379895,26.27038525774401
1333,CHN,111.17245542294118,34.78826156058824
1334,CHN,121.45214881061948,31.21221162241888
1335,CHN,117.95832725705883,28.449004114117646
1336,CHN,113.76192395070423,23.023743528169014
1337,CHN,118.61288202704291,37.44396710229277
1338,CHN,119.90773557445556,28.444415909947026
1339,CHN,100.22812940688019,26.876051413404507
1340,CHN,105.13233081963335,37.322642217031344
1341,CHN,113.40332639764706,22.51682232882353
1342,CHN,103.21015299875776,35.601804688819875
1343,CHN,119.70792791513436,30.234233251768035
1344,CHN,111.5125442519084,36.077270845566645
1345,CHN,118.32860536390358,35.047099923574365
1346,CHN,100.08259055046439,23.890125309597522
1347,CHN,120.0654168861386,29.319550384724188
1348,CHN,124.3794498213866,40.11980997826087
1349,CHN,113.11918844382716,41.01521512037037
1350,CHN,106.80803916478956,39.67537841315945
1351,CHN,87.56636627278037,43.80948348422897
1352,CHN,103.76019403766922,29.573930113596234
1353,CHN,115.9943934540667,29.676584787595086
1354,CHN,121.53745619332493,36.91001994647355
1355,CHN,112.0433043178066,22.936670226415096
1356,CHN,115.79496319247379,33.84795627267119
1357,CHN,129.0857120202622,47.9650101716329
1358,CHN,81.30147555215086,43.92535892810842
1359,CHN,113.06528962200117,22.98426685254535
1360,CHN,130.34745285883048,46.797725732427644
1361,CHN,115.48518694947121,38.876306427144534
1362,CHN,99.16943466399012,25.120338284126007
1363,CHN,114.06151814956011,32.130139253958944
1364,CHN,85.09663661690962,45.462141748104955
1365,CHN,116.51470539140671,31.762398144791053
1366,CHN,104.86451083985973,26.58295143483343
1367,CHN,103.84072755946104,36.05348644756884
1368,CHN,122.02975559307876,46.07217690871122
1369,CHN,105.05267690041008,29.588496504393675
1370,CHN,102.27438298886936,27.866258957820737
1371,CHN,109.91330064688601,40.6265215094007
1372,CHN,116.39882976972909,40.04586040753828
1373,CHN,109.16115710170489,21.49866245149912
1374,CHN,110.8482815689046,32.5723334581861
1375,CHN,118.77537324956063,32.06262338254247
1376,CHN,106.08620196551723,30.803009239041497
1377,CHN,108.321450218107,22.803135003527338
1378,CHN,118.15584729976581,26.648287573185012
1379,TWN,120.77844097450573,23.87988464880333
1380,CHN,115.87701101231671,28.692249524926687
1381,CHN,120.87856244056772,31.99040005972797
1382,CHN,112.52968980070547,32.99467622045856
1383,CHN,82.06452017552533,44.902409313349814
1384,CHN,120.54118154192655,36.41542152113652
1385,CHN,118.11643169248826,24.56185476995305
1386,CHN,131.15945237418592,46.62855347010065
1387,CHN,119.1628775096333,31.955
1388,CHN,121.35648211931482,28.62576673597165
1389,CHN,117.24770202985948,31.848303266978924
1390,CHN,114.98823008,27.101339410588235
1391,CHN,126.55993555851065,43.849381135933804
1392,CHN,89.17922959621451,42.94834925236593
1393,CHN,111.1328895227676,37.51491215198107
1394,CHN,106.1838434327208,37.97380849673978
1395,CHN,120.64402909408099,31.165187461682244
1396,CHN,114.65711327347418,33.62145034213615
1397,CHN,119.7553565021565,49.19240274614911
1398,CHN,111.66495449298246,40.8015027128655
1399,CHN,79.93032917380191,37.10833639680511
1400,CHN,114.31487367903415,29.840314861601883
1401,CHN,108.69481842554444,34.343343714537966
1402,CHN,93.50450723697271,42.824951016129035
1403,CHN,126.64799908181283,45.73820867157151
1404,CHN,118.18145414327657,39.644106373458605
1405,CHN,115.64655928571429,34.42520998647854
1406,CHN,109.93979495513214,33.85932710571604
1407,CHN,75.96685549692118,39.48276089778325
1408,CHN,120.75161784765857,30.764983379964434
1409,CHN,98.27904016676885,39.78440574126303
1410,TWN,120.29668618172157,23.51029734112646
1411,CHN,124.36849086607143,43.17282291607143
1412,CHN,106.2497301162928,36.05404901062574
1413,CHN,124.12420354523077,50.424461508307694
1414,CHN,113.30736104266511,40.09943678609
1415,CHN,124.96632923408019,46.42986777535377
1416,CHN,100.18536480259901,25.64381365160891
1417,CHN,121.62782002355712,38.94955451354535
1418,CHN,105.86462289757253,34.49769851805802
1419,CHN,117.35248272944607,39.09102585947522
1420,CHN,121.12727915255424,31.437773592022392
1421,CHN,112.52031013867759,37.85524836161498
1422,CHN,122.09272122289157,37.4896549246988
1423,CHN,113.92857030196802,30.918062585485853
1424,CHN,119.52055432507375,26.671026152212388
1425,CHN,121.62882964830011,29.87115851817116
1426,CHN,117.03426843709391,30.542662316597756
1427,CHN,109.02214496621221,32.68973919502074
1428,CHN,114.36797178802114,36.08571059365825
1429,CHN,105.93598521723732,26.25217195218418
1430,CHN,104.61988446790123,35.584297961728396
1431,CHN,119.8060487751938,31.362465400516797
1432,CHN,104.61248430539273,28.771955594958968
1433,CHN,111.31060262543963,30.707654847010552
1434,CHN,114.37724516637375,27.799059103104863
1435,TWN,121.76954443302851,24.690348308768154
1436,CHN,107.18922583225806,34.35417183284458
1437,CHN,118.73818692189349,30.95402605857988
1438,CHN,116.96981673557126,33.64081350530035
1439,CHN,118.28558061502348,33.955568317488265
1440,CHN,118.7629517345022,36.872522381966185
1441,TWN,120.61163187721124,22.387317819458897
1442,CHN,91.76562249224806,29.245914959948323
1443,CHN,113.15100185823529,29.404012036470586
1444,CHN,107.35874964298951,22.392455145768995
1445,CHN,106.75512103405755,31.86413253846154
1446,CHN,107.46124308646392,40.80416896302922
1447,CHN,119.95955836758661,31.78853730123312
1448,CHN,111.69601452906636,29.036929677040515
1449,CHN,120.73803380074719,31.66512719427148
1450,CHN,106.68647308174555,35.537788652735095
1451,CHN,119.96390626626825,36.79547151527224
1452,CHN,113.27492765922445,33.73117778319624
1453,CHN,105.84902253525264,32.4373560840188
1454,CHN,106.63246442096019,30.476654962529274
1455,CHN,113.35014884516129,23.184088569501466
1456,CHN,107.65304040957447,35.6522545177305
1457,CHN,86.19535064678087,41.72776135262847
1458,CHN,116.72647294100295,39.54314844955752
1459,CHN,109.46908770570924,36.604430731606826
1460,CHN,129.45360215558196,42.89248171021377
1461,CHN,114.3334730482921,34.795242580094225
1462,CHN,114.89328458820059,40.81594162477876
1463,CHN,120.53798311768755,31.877994299380592
1464,CHN,110.48775372432114,29.23296138016529
1465,CHN,100.45915965254757,38.94280569858809
1466,TWN,120.47329078586279,24.04039072869023
1467,CHN,117.21484647716628,34.25286524941452
1468,CHN,98.58248013128141,24.433542406407035
1469,CHN,116.2987395936019,37.450832039099524
1470,CHN,104.39243803241013,31.120443681791397
1471,CHN,112.72292277849971,38.45364377909037
1472,CHN,109.97876721470588,27.55853380764706
1473,CHN,98.85737637748757,25.849280288557214
1474,CHN,109.48654133064015,30.290468048477315
1475,CHN,114.41813944639719,22.959938473345048
1476,CHN,104.03893269392523,30.687858170560748
1477,CHN,119.42074816222618,32.39566391237419
1478,CHN,117.9276944380505,40.96353126130358
1479,CHN,116.33632750702576,27.999365033957847
1480,CHN,123.91194924091442,41.863705362837045
1481,CHN,91.09755000937866,29.65255718405627
1482,CHN,120.39649830715936,37.36899675519631
1483,CHN,116.36561162880562,23.54680888056206
1484,CHN,101.69058363012896,26.56335914830012
1485,CHN,104.24268382280049,23.37418441697646
1486,CHN,122.02839260938491,37.19194344641725
1487,CHN,114.9626846168717,27.81077516930287
1488,TWN,121.504363,25.07662120051282
1489,CHN,113.79899285908019,35.292216616155656
1490,TWN,121.06359580527165,24.82097448682087
1491,CHN,120.29029913649678,31.5689094036321
1492,CHN,88.89031110417966,29.254400378665004
1493,CHN,119.50778933749257,35.41249616755793
1494,CHN,120.97575381643472,31.384537637508284
1495,CHN,102.7093117670753,25.012614631640396
1496,CHN,87.48110777005988,44.058271919161676
1497,CHN,97.18058565673574,31.126721839378238
1498,CHN,103.71282587990044,27.337653887367765
1499,CHN,112.7288789717647,37.70111113
1500,CHN,112.846411371261,35.50050390557185
1501,CHN,100.9808406953317,22.797361172604422
1502,CHN,117.22431529181286,29.304296526900586
1503,CHN,103.79482973107692,25.519881943384615
1504,CHN,112.43126121449446,39.34486322559906
1505,CHN,120.4277839694477,41.58503241950646
1506,CHN,123.78430523339212,41.311995438565546
1507,CHN,109.22229912469135,23.728764194444445
1508,CHN,120.08369847513165,30.212000293153892
1509,CHN,124.84096717496229,45.12589393514329
1510,CHN,94.36490167295598,29.65020004402516
1511,CHN,117.52224904918033,34.81689701873536
1512,CHN,109.431581375,24.34013753125
1513,CHN,113.1578183480047,27.870935055751175
1514,CHN,110.32298913459267,25.268723694805196
1515,TWN,121.20613947034553,24.97678776276431
1516,CHN,116.11077255764705,24.28878353764706
1517,CHN,111.27575122847101,23.46217969127124
1518,CHN,101.54313747820748,25.046633834254145
1519,CHN,109.73736622287736,38.28906103360849
1520,CHN,102.63496675,37.932017661654136
1521,CHN,114.2537709073857,30.540416770222745
1522,CHN,105.29810581723076,27.303521981538463
1523,CHN,111.6118681530312,26.349656423778693
1524,CHN,107.00545876845835,33.098515117542824
1525,CHN,116.64972560609613,23.33142539214537
1526,CHN,115.36605394799054,22.785750002955083
1527,CHN,113.07083163550853,22.578406496766608
1528,CHN,120.26893926369657,31.916318130042143
1529,CHN,117.48598189298454,30.65884202021403
1530,CHN,123.46667616607981,41.816678863262915
1531,CHN,116.87159556777647,38.315762931034484
1532,CHN,108.12150132068761,24.700370623592175
1533,CHN,114.68724212411347,23.746114079787233
1534,CHN,118.61412371032449,24.928281579351033
1535,CHN,117.11347659074733,36.18815759905101
1536,CHN,119.89666788151658,32.43519318246445
1537,CHN,105.43465687948266,28.900030238095237
1538,CHN,112.42306436576789,34.65877183997655
1539,CHN,117.12965519695193,36.55622772157093
1540,CHN,116.59067546662729,35.41471062197283
1541,CHN,110.36978095564754,20.009285112950916
1542,CHN,121.16250273913045,31.89653470018116
1543,CHN,118.00924607592701,36.7342709205415
1544,CHN,116.79729628377582,33.94023493982301
1545,CHN,116.87324500819672,32.6524846411007
1546,CHN,119.03715538560562,33.58238505675834
1547,CHN,114.16476849291618,22.599681190082645
1548,CHN,113.036731225,23.679523017857143
1549,CHN,120.68537943040936,27.998597979532164
1550,CHN,109.48112514386376,34.50139289958896
1551,CHN,120.11442072021339,30.860149292827504
1552,CHN,112.86708577235294,27.87688433117647
1553,CHN,109.6901939192399,28.280243248218525
1554,CHN,110.39113408995327,21.236835694509345
1555,CHN,119.44904222994987,31.358642937969925
1556,CHN,118.31549620806165,32.299405850622406
1557,CHN,117.99504509053254,37.37825733727811
1558,CHN,114.02669167175573,33.57034997533764
1559,CHN,117.00609005427728,24.49679879882006
1560,CHN,119.13561947613435,36.7103499905716
1561,CHN,116.63231273156342,23.66697316696165
1562,TWN,119.566154,23.56903
1563,CHN,115.04401659764706,35.76630481470588
1564,CHN,121.37542688698225,37.50538918284024
1565,CHN,113.23617029609929,35.214193509456265
1566,CHN,129.61919874486802,44.57838028328446
1567,CHN,110.1405723199052,22.653021499407583
1568,CHN,102.55158757328604,24.359533499408982
1569,CHN,113.49896896631205,22.286046145981086
1570,CHN,121.9998088195329,39.62107109341826
1571,CHN,101.95687144437615,30.022867658881378
1572,CHN,122.83263611103723,45.62314439760638
1573,CHN,126.40624346732429,41.93120540998767
1574,CHN,104.1731,36.54693978325123
1575,CHN,106.63134477764052,23.89281106979617
1576,CHN,112.3610798125,28.59383233490566
1577,CHN,120.16549418402367,33.38996097633136
1578,CHN,121.97181210733453,41.11666727549195
1579,CHN,103.85646973607038,30.0671823085044
1580,CHN,106.54803349970537,39.04764743547437
1581,CHN,114.49711585020479,38.031723839672324
1582,CHN,86.05960554320988,44.30204864691358
1583,CHN,119.35929169280281,26.075123031597425
1584,CHN,119.60472114764706,39.89503098294118
1585,CHN,111.99182522836962,27.728530797527956
1586,CHN,103.3796768469327,23.39476632162001
1587,CHN,120.66050130965068,30.02901878626406
1588,CHN,126.97867701500938,46.64546503752345
1589,CHN,104.73284000528479,31.475297721080445
1590,CHN,115.99146269743895,36.45482429064919
1591,CHN,112.48357801881247,23.090901121105233
1592,CHN,120.0253444052174,35.87441017565217
1593,CHN,120.01114259459459,36.267286
1594,CHN,104.75613126541397,29.35097891192014
1595,TWN,120.64958576403916,24.179211726944875
1596,TWN,121.52960419650206,25.07548488425926
1597,TWN,120.25862072567288,23.11361961490683
1598,TWN,121.15624641919739,22.901604445227765
1599,CHN,122.20720098692033,29.99015097978597
1600,CHN,118.37347635415439,31.367415767825573
1601,CHN,120.60508971378299,31.30153913431085
1602,TWN,120.82585179417879,24.54844794022869
1603,CHN,110.93139773074662,21.617743185773076
1604,CHN,112.2458326190195,30.326942616066155
1605,CHN,112.20259594169612,31.027455193168436
1606,CHN,122.44033536499322,37.15751931614654
1607,CHN,119.04236302585194,25.430733675675675
1608,CHN,119.95072257368422,37.17861822105263
1609,CHN,117.69850174623116,36.21969953266332
1610,CHN,120.52620811629434,36.874811282523
1611,CHN,115.45100346985075,35.25198904238806
1612,CHN,113.89956328060926,27.606013147627415
1613,CHN,122.2230817522124,40.67459489734514
1614,CHN,120.8646776745283,40.73843366332547
1615,CHN,120.75986296348884,37.817084403651116
1616,CHN,117.35702812901343,32.929226581436076
1617,CHN,115.66932631454006,37.74481468249258
1618,CHN,112.59161006890459,26.899984482332155
1619,CHN,118.86568124351415,28.960395110259434
1620,CHN,112.17163335580305,32.06974507678781
1621,CHN,100.79776338575851,22.012104528173374
1622,CHN,101.719987329806,36.63884654850088
1623,CHN,108.98995411805961,34.30479754178843
1624,CHN,113.8136450573625,34.01358551685394
1625,CHN,120.22782734333958,29.726171656660412
1626,CHN,109.58547097343565,23.10329516292798
1627,CHN,106.70224371546149,26.541022402704293
1628,CHN,111.54448927815385,24.41236901846154
1629,CHN,104.64049715866511,30.132991015222483
1630,CHN,114.92249653615521,25.86115901175779
1631,CHN,119.0059912457378,42.21132024691358
1632,CHN,125.12168632439446,42.8991839316609
1633,CHN,123.16691950529412,41.253487750588235
1634,CHN,107.50339878222485,31.221349440847558
1635,CHN,111.0159763239271,35.05297031334509
1636,CHN,119.26041012639624,34.6570456366843
1637,CHN,99.7094543780645,27.82094609032258
1638,CHN,125.94234047313157,41.72683318097591
1639,CHN,122.26971904002389,43.64332062664277
1640,CHN,105.71080340105387,30.575647451990633
1641,CHN,106.91518989184398,27.683171928487
1642,CHN,114.5065611345476,37.07730290599295
1643,CHN,92.05824784503478,31.482182742567996
1644,CHN,92.05812166666666,31.48214216666667
1645,CHN,114.51382552616109,36.60782695414462
1646,CHN,111.47425153148912,27.254921192466156
1647,CHN,113.65240739145699,34.77726984435343
1648,CHN,113.02087654593329,25.82537667349327
1649,CHN,109.90258638859494,39.725536831863614
1650,CHN,114.86650165325445,30.39312015266272
1651,CHN,98.50565228140394,39.737713046182265
1652,CHN,106.50185342982456,29.594505095321637
1653,CHN,119.66205573569322,29.09750281356932
1654,CHN,119.579,31.74404918984127
1655,CHN,102.175521,38.521397385798814
1656,CHN,108.62605549230769,21.88730507218935
1657,CHN,123.81372991183432,42.27639623195266
1658,CHN,109.18552804251387,27.726415659889096
1659,CHN,109.00710306584362,34.98671689124045
1660,CHN,117.80905512309495,30.929602786049237
1661,CHN,106.15349376187683,38.50390176187683
1662,CHN,116.09130958436724,43.93140367990074
1663,CHN,121.11832794044811,41.05798667688679
1664,CHN,119.50969898236332,32.181016937683715
1665,CHN,125.35455526455027,43.82862053556731
1666,CHN,112.98361553575616,28.20509128194607
1667,CHN,113.10734158847737,36.18742554027043
1668,CHN,121.66052192082111,42.02743281055719
1669,CHN,115.8223662282673,32.880782720283854
1670,CHN,108.34760850059241,21.673483270734597
1671,CHN,111.95957222813239,21.859065285460993
1672,CHN,113.56220589917936,37.86070902696366
1673,CHN,80.28914208118081,41.17831615498155
1674,CHN,88.12400167142857,47.87860626722689
1675,CHN,102.21226171959859,31.908295154663517
1676,CHN,105.69965557134364,38.84296340606421
1677,CHN,80.10339416806723,32.5017826302521
1678,CHN,105.00900583935484,33.35396613548387
1679,CHN,113.3799264465446,31.716437281157706
1680,CHN,103.0054640159292,29.99004229262537
1681,TWN,120.33596325232679,23.73505736452947
1682,CHN,120.39249508416715,36.149981822248385
1683,CHN,123.02290079882698,41.09196336187683
1684,CHN,117.541,36.71
1685,CHN,113.60303885881663,24.768379344463973
1686,CHN,118.52448023384254,31.696746799647475
1687,CHN,114.0090306061502,32.98929587581313
1688,TWN,120.35253446932515,22.652007606339467
1689,CHN,130.96734525413711,45.29725218085106
1690,CHN,114.25115847483718,35.79448363055062
1691,CHN,130.2393172550177,47.324118064935064
1692,CHN,117.01337778018757,28.208322664712778
1693,CHN,114.89426563965087,30.46300392331671
1694,CHN,118.2556973005335,29.902329048014227
1695,CHN,115.01591387390029,30.202351236363636
1696,CHN,127.47210586499402,50.24708661170848
1697,CHN,107.93489824829298,26.553069908752327
1698,CHN,104.89171974813432,25.09582818159204
1699,CHN,123.88476185588235,47.30871384058823
1700,CHN,117.02010045901639,25.079489021077283
