system:index,city_id,countryCode,mean,.geo
000000000000000003cf,392,AND,278.24242371409514,
000000000000000000df,810,ARE,37.42905410343631,
00000000000000000252,12,ARE,37.42905360054921,
00000000000000000314,205,ARG,13425.143625867857,
00000000000000000076,705,AUS,627.97035702584,
000000000000000000ac,759,AUS,2925.4151721347534,
000000000000000000d0,795,AUS,76.01606502159065,
00000000000000000113,855,AUS,0.49193039641057623,
0000000000000000016b,943,AUS,50.34960542345528,
0000000000000000020d,1105,AUS,1588.094036115344,
0000000000000000020f,1107,AUS,,
00000000000000000210,1108,AUS,0.6538539449676931,
0000000000000000022c,1136,AUS,3726.704474040681,
0000000000000000022d,1137,AUS,1041.4288539903164,
0000000000000000022e,1138,AUS,267.6269805424285,
0000000000000000023d,1153,AUS,0.6337831192799273,
00000000000000000256,16,AUS,1737.3649060526484,
00000000000000000332,235,AUS,583.5729573137079,
00000000000000000357,272,AUS,0.03802121656172186,
00000000000000000358,273,AUS,1.5063085113625556,
0000000000000000040e,455,AUS,2.304302665662335,
00000000000000000472,555,AUS,655.853277119925,
00000000000000000016,609,AUT,176.72151241165855,
00000000000000000105,841,AUT,125.93754574275654,
0000000000000000011c,864,AUT,366.26089314422325,
000000000000000001c1,1029,AUT,51.74762599506397,
0000000000000000021d,1121,AUT,473.88778856101254,
00000000000000000284,62,AUT,198.21139881370084,
00000000000000000285,63,AUT,121.95985490621791,
00000000000000000286,64,AUT,125.15213243420305,
00000000000000000287,65,AUT,345.5562718505877,
00000000000000000288,66,AUT,53.203915337438616,
00000000000000000289,67,AUT,61.144851230862955,
0000000000000000028a,68,AUT,161.86265996154117,
00000000000000000318,209,AUT,174.6175351347595,
00000000000000000403,444,AUT,4361.152871966714,
0000000000000000049a,1170,AUT,147.8200759847415,
000000000000000004b8,1199,AUT,13.819424929080977,
000000000000000004b9,1200,AUT,208.89059384186012,
000000000000000004e7,1246,AUT,191.68314865740837,
000000000000000004f6,1261,AUT,4345.278804484803,
00000000000000000058,675,BEL,1352.0961129539069,
0000000000000000005f,682,BEL,534.2026739505772,
0000000000000000007b,710,BEL,49.41400250068372,
000000000000000000eb,815,BEL,120.74161338910147,
00000000000000000126,874,BEL,810.36254327873,
00000000000000000298,82,BEL,1453.6774739862647,
00000000000000000310,201,BEL,4604.097978622758,
00000000000000000311,202,BEL,4610.1746530312075,
000000000000000003e7,416,BEL,629.2900640407411,
00000000000000000437,496,BEL,633.6120408461428,
000000000000000004e6,1245,BEL,1920.9551310204604,
000000000000000004ea,1249,BEL,140.43705032452618,
000000000000000004f3,1258,BEL,375.62231416086433,
00000000000000000519,1296,BGR,316.8464646281454,
0000000000000000051a,1297,BGR,419.9337830896455,
00000000000000000523,1306,BGR,1057.3319957092033,
00000000000000000524,1307,BGR,64.77018190873511,
000000000000000001dc,1056,BIH,910.6091790311432,
00000000000000000411,458,BIH,45.379113121314234,
0000000000000000048c,581,BIH,63.62667810936697,
000000000000000004b1,1192,BIH,298.55789737129675,
0000000000000000050d,1284,BIH,182.12967846511893,
000000000000000001d7,1051,BRA,4701.679040194806,
000000000000000001d8,1052,BRA,367.046524295611,
000000000000000001d9,1053,BRA,10899.476135935638,
0000000000000000032f,232,BRA,3410.828922204841,
0000000000000000039b,340,BRA,802.8425890718767,
0000000000000000042b,484,BRA,8100.010500652335,
00000000000000000095,736,CAN,3.832675976986273,
000000000000000000e0,810,CAN,2.9142560219032188,
000000000000000000fc,832,CAN,4.291252700528529,
00000000000000000103,839,CAN,0.0034998446888188984,
00000000000000000116,858,CAN,0.0,
00000000000000000118,860,CAN,2.0995962522179212,
00000000000000000125,873,CAN,21.43117473842347,
00000000000000000176,954,CAN,28.37020606244758,
00000000000000000186,970,CAN,30.371702695191427,
000000000000000001e1,1061,CAN,2.617215926426721,
0000000000000000026f,41,CAN,216.03140448237681,
0000000000000000030e,199,CAN,0.00682028515755309,
000000000000000000e1,810,CHE,1375.397797961005,
000000000000000000fb,831,CHE,312.5271268933835,
000000000000000001d1,1045,CHE,527.6192973863185,
000000000000000001e7,1067,CHE,452.91720289312724,
000000000000000002d8,146,CHE,1561.400166041641,
000000000000000002d9,147,CHE,1571.7818716362196,
000000000000000002eb,164,CHE,886.6244104319879,
00000000000000000404,445,CHE,1922.3012761071502,
00000000000000000496,1166,CHE,365.8651662056525,
00000000000000000498,1168,CHE,447.02021356654666,
000000000000000004cd,1220,CHE,139.3948226674315,
00000000000000000511,1288,CHE,2377.4681113516917,
00000000000000000039,644,CHL,7835.976147422255,
00000000000000000047,658,CHL,1988.3001372682245,
00000000000000000071,700,CHL,141.81824356896573,
000000000000000000ab,758,CHL,4.124280135077162,
000000000000000000e7,811,CHL,68.16054349236721,
0000000000000000017a,958,CHL,100.93248628449679,
0000000000000000017b,959,CHL,6228.252151564506,
0000000000000000017c,960,CHL,6851.6374524611065,
0000000000000000017d,961,CHL,171.656807940421,
00000000000000000187,971,CHL,3206.7684825182937,
00000000000000000188,972,CHL,308.6497615041948,
00000000000000000189,973,CHL,149.97631801368016,
0000000000000000018f,979,CHL,524.8818602499581,
0000000000000000019c,992,CHL,107.91340754217171,
000000000000000001d6,1050,CHL,6881.622592746112,
00000000000000000232,1142,CHL,598.760729985887,
00000000000000000233,1143,CHL,772.1320687792047,
00000000000000000234,1144,CHL,1691.53555697132,
00000000000000000241,1157,CHL,568.2553807120718,
00000000000000000326,223,CHL,45.09705690900664,
0000000000000000032b,228,CHL,10.388292214154262,
00000000000000000359,274,CHL,7606.86515274008,
0000000000000000035a,275,CHL,6237.786289533041,
0000000000000000036f,296,CHL,1237.9949213822554,
00000000000000000372,299,CHL,297.54826434076705,
00000000000000000388,321,CHL,1031.8079559395542,
0000000000000000038b,324,CHL,185.11994719264143,
0000000000000000038e,327,CHL,468.2980894831443,
00000000000000000396,335,CHL,9.283775419544849,
000000000000000003c6,383,CHL,6888.39794562923,
00000000000000000460,537,CHL,1491.0654116960204,
00000000000000000462,539,CHL,4.891510742956992,
00000000000000000476,559,CHL,5662.978721505393,
0000000000000000049d,1173,CHL,4.690816487570702,
000000000000000004c1,1208,CHL,178.32999766997094,
0000000000000000007d,712,CHN,2402.109154702202,
00000000000000000229,1133,CHN,1757.112336954266,
00000000000000000296,80,CHN,2300.7166123165657,
000000000000000002e5,159,CHN,2495.65640820285,
00000000000000000302,187,CHN,1256.8698109979769,
00000000000000000367,288,CHN,14952.241973169033,
00000000000000000373,300,CHN,782.045104482902,
00000000000000000377,304,CHN,1312.9161326814083,
000000000000000003f5,430,CHN,2146.2698697793007,
0000000000000000044e,519,CHN,10814.822967202688,
0000000000000000045e,535,CHN,3299.350807908035,
0000000000000000045f,536,CHN,1683.5003051669198,
00000000000000000461,538,CHN,183.17723540987706,
000000000000000004a1,1176,CHN,1856.8715499679283,
000000000000000004fc,1267,CHN,3547.043785068891,
000000000000000004fd,1268,CHN,914.5568904885213,
0000000000000000053b,1330,CHN,1731.2782303717595,
0000000000000000053c,1331,CHN,2158.4957830225208,
0000000000000000053d,1332,CHN,1000.6229747861914,
0000000000000000053e,1333,CHN,1556.600583807549,
0000000000000000053f,1334,CHN,33546.17916324059,
00000000000000000540,1335,CHN,1703.5842162174927,
00000000000000000541,1336,CHN,6407.852416274989,
00000000000000000542,1337,CHN,981.7649643997613,
00000000000000000543,1338,CHN,1057.451772737419,
00000000000000000544,1339,CHN,683.1972623803844,
00000000000000000545,1340,CHN,29.463034324691503,
00000000000000000546,1341,CHN,3459.072263741614,
00000000000000000547,1342,CHN,1135.7006348189866,
00000000000000000548,1343,CHN,1000.0644761639167,
00000000000000000549,1344,CHN,2380.935188311889,
0000000000000000054a,1345,CHN,3514.4224975762477,
0000000000000000054b,1346,CHN,385.61603545038486,
0000000000000000054c,1347,CHN,2825.083722945491,
0000000000000000054d,1348,CHN,3499.458028209694,
0000000000000000054e,1349,CHN,927.9877785322948,
0000000000000000054f,1350,CHN,802.5474779757049,
00000000000000000550,1351,CHN,9414.77386419351,
00000000000000000551,1352,CHN,1595.2508096540141,
00000000000000000552,1353,CHN,2687.793180749354,
00000000000000000553,1354,CHN,780.4802435810068,
00000000000000000554,1355,CHN,775.0301212582565,
00000000000000000555,1356,CHN,1256.8806186367199,
00000000000000000556,1357,CHN,3.6451362224032713,
00000000000000000557,1358,CHN,1484.5987665773052,
00000000000000000558,1359,CHN,5837.564430529184,
00000000000000000559,1360,CHN,2433.1412279870087,
0000000000000000055a,1361,CHN,4204.422274915681,
0000000000000000055b,1362,CHN,1076.9430098284145,
0000000000000000055c,1363,CHN,1412.1638685078462,
0000000000000000055d,1364,CHN,10.035917829178342,
0000000000000000055e,1365,CHN,1593.334621256558,
0000000000000000055f,1366,CHN,1518.9095230438095,
00000000000000000560,1367,CHN,6678.093635133449,
00000000000000000561,1368,CHN,740.1117063095552,
00000000000000000562,1369,CHN,1764.5435244220919,
00000000000000000563,1370,CHN,1298.3714900470472,
00000000000000000564,1371,CHN,5162.909528473053,
00000000000000000565,1372,CHN,14286.91165935201,
00000000000000000566,1373,CHN,2659.8165732250513,
00000000000000000567,1374,CHN,1292.3663663307643,
00000000000000000568,1375,CHN,16543.929630150596,
00000000000000000569,1376,CHN,2422.3380096427372,
0000000000000000056a,1377,CHN,8216.962092065718,
0000000000000000056b,1378,CHN,821.8604435842877,
0000000000000000056d,1380,CHN,9869.905825361555,
0000000000000000056e,1381,CHN,2781.2027989716225,
0000000000000000056f,1382,CHN,2892.6758983300288,
00000000000000000570,1383,CHN,241.14264509846595,
00000000000000000571,1384,CHN,1540.5898945040742,
00000000000000000572,1385,CHN,14157.588401168303,
00000000000000000573,1386,CHN,995.259045326611,
00000000000000000574,1387,CHN,1031.8674099837974,
00000000000000000575,1388,CHN,2925.7830808096687,
00000000000000000576,1389,CHN,10813.639917019684,
00000000000000000577,1390,CHN,1803.2943133411482,
00000000000000000578,1391,CHN,5349.961162200978,
00000000000000000579,1392,CHN,476.3074286994827,
0000000000000000057a,1393,CHN,990.1189128676929,
0000000000000000057b,1394,CHN,1387.7413211790515,
0000000000000000057c,1395,CHN,2306.237396820027,
0000000000000000057d,1396,CHN,1741.3999472449468,
0000000000000000057e,1397,CHN,734.7558288005843,
0000000000000000057f,1398,CHN,5671.183459093541,
00000000000000000580,1399,CHN,1110.11001863111,
00000000000000000581,1400,CHN,947.8650075998793,
00000000000000000582,1401,CHN,2732.992096711064,
00000000000000000583,1402,CHN,870.7958979703837,
00000000000000000584,1403,CHN,12529.611416847827,
00000000000000000585,1404,CHN,4285.492942610521,
00000000000000000586,1405,CHN,1905.4949699221645,
00000000000000000587,1406,CHN,594.1552042312736,
00000000000000000588,1407,CHN,1840.181060350742,
00000000000000000589,1408,CHN,2591.2621170185394,
0000000000000000058a,1409,CHN,727.1630946032203,
0000000000000000058c,1411,CHN,1834.738040541769,
0000000000000000058d,1412,CHN,506.45485455636924,
0000000000000000058e,1413,CHN,433.5082566612731,
0000000000000000058f,1414,CHN,3453.5924209653494,
00000000000000000590,1415,CHN,230.47317757067825,
00000000000000000591,1416,CHN,1093.569107263679,
00000000000000000592,1417,CHN,9685.59787255199,
00000000000000000593,1418,CHN,590.7985409480481,
00000000000000000594,1419,CHN,5108.574732965978,
00000000000000000595,1420,CHN,2217.106201595082,
00000000000000000596,1421,CHN,10632.225585609134,
00000000000000000597,1422,CHN,3568.8643294460135,
00000000000000000598,1423,CHN,1888.2485372186852,
00000000000000000599,1424,CHN,871.579675004654,
0000000000000000059a,1425,CHN,5530.448197115266,
0000000000000000059b,1426,CHN,2307.679695418987,
0000000000000000059c,1427,CHN,1256.4248694366147,
0000000000000000059d,1428,CHN,3068.472618398692,
0000000000000000059e,1429,CHN,1337.0677319026458,
0000000000000000059f,1430,CHN,500.20339620592875,
000000000000000005a0,1431,CHN,1770.283438646372,
000000000000000005a1,1432,CHN,1796.221389289897,
000000000000000005a2,1433,CHN,2619.6223375399054,
000000000000000005a3,1434,CHN,1572.46801983989,
000000000000000005a5,1436,CHN,2405.6479970600367,
000000000000000005a6,1437,CHN,914.7334385488341,
000000000000000005a7,1438,CHN,1766.1130524756777,
000000000000000005a8,1439,CHN,1475.6193413851777,
000000000000000005a9,1440,CHN,1484.3405503199303,
000000000000000005ab,1442,CHN,120.53817589224865,
000000000000000005ac,1443,CHN,3359.7123156018824,
000000000000000005ad,1444,CHN,137.39108290473743,
000000000000000005ae,1445,CHN,1152.0459766213867,
000000000000000005af,1446,CHN,1064.7654097622874,
000000000000000005b0,1447,CHN,6131.247438665847,
000000000000000005b1,1448,CHN,2798.46672542254,
000000000000000005b2,1449,CHN,3246.44815361644,
000000000000000005b3,1450,CHN,896.4444372364834,
000000000000000005b4,1451,CHN,1048.892734225032,
000000000000000005b5,1452,CHN,2912.579215375804,
000000000000000005b6,1453,CHN,805.5619853319718,
000000000000000005b7,1454,CHN,905.5053595049786,
000000000000000005b8,1455,CHN,12026.954898357984,
000000000000000005b9,1456,CHN,540.985346353858,
000000000000000005ba,1457,CHN,1411.3775800529806,
000000000000000005bb,1458,CHN,2029.2224795188938,
000000000000000005bc,1459,CHN,524.6769600310791,
000000000000000005bd,1460,CHN,1707.374175755192,
000000000000000005be,1461,CHN,2631.355820681492,
000000000000000005bf,1462,CHN,1992.916530904373,
000000000000000005c0,1463,CHN,3016.032607019251,
000000000000000005c1,1464,CHN,189.19361766634452,
000000000000000005c2,1465,CHN,852.8731071915021,
000000000000000005c4,1467,CHN,4533.421856968259,
000000000000000005c5,1468,CHN,238.90222700099613,
000000000000000005c6,1469,CHN,2031.784300504772,
000000000000000005c7,1470,CHN,1710.949799127881,
000000000000000005c8,1471,CHN,1179.1359935445832,
000000000000000005c9,1472,CHN,1496.9888095415815,
000000000000000005ca,1473,CHN,157.88279157407322,
000000000000000005cb,1474,CHN,818.3226740593522,
000000000000000005cc,1475,CHN,1177.030711856509,
000000000000000005cd,1476,CHN,16124.623391335826,
000000000000000005ce,1477,CHN,2982.640902776543,
000000000000000005cf,1478,CHN,1266.8458243414007,
000000000000000005d0,1479,CHN,1972.0379704295174,
000000000000000005d1,1480,CHN,3310.674506114132,
000000000000000005d2,1481,CHN,834.0699148226298,
000000000000000005d3,1482,CHN,752.4267953986649,
000000000000000005d4,1483,CHN,3833.329481370258,
000000000000000005d5,1484,CHN,1934.9297577099528,
000000000000000005d6,1485,CHN,675.3522867554062,
000000000000000005d7,1486,CHN,989.0217151769729,
000000000000000005d8,1487,CHN,1726.8101295979495,
000000000000000005da,1489,CHN,1853.9903525008324,
000000000000000005dc,1491,CHN,8092.372014630146,
000000000000000005dd,1492,CHN,213.26178130276872,
000000000000000005de,1493,CHN,2518.4558811532374,
000000000000000005df,1494,CHN,3780.805705414742,
000000000000000005e0,1495,CHN,8938.339558327953,
000000000000000005e1,1496,CHN,319.0366335945025,
000000000000000005e2,1497,CHN,172.8460570035187,
000000000000000005e3,1498,CHN,1413.7588616794694,
000000000000000005e4,1499,CHN,1859.3323849246,
000000000000000005e5,1500,CHN,1849.688571969939,
000000000000000005e6,1501,CHN,341.9906525179013,
000000000000000005e7,1502,CHN,1307.4231842278202,
000000000000000005e8,1503,CHN,1383.5770436448959,
000000000000000005e9,1504,CHN,1289.8349732578124,
000000000000000005ea,1505,CHN,1565.174746828332,
000000000000000005eb,1506,CHN,2760.952639547454,
000000000000000005ec,1507,CHN,730.3678984721248,
000000000000000005ed,1508,CHN,5204.228052577841,
000000000000000005ee,1509,CHN,1873.1530831647347,
000000000000000005ef,1510,CHN,96.02440530862127,
000000000000000005f0,1511,CHN,1724.0004638042549,
000000000000000005f1,1512,CHN,4067.277221461607,
000000000000000005f2,1513,CHN,3319.945973013431,
000000000000000005f3,1514,CHN,2725.7873291761607,
000000000000000005f5,1516,CHN,1521.0387674947822,
000000000000000005f6,1517,CHN,1584.1564550182045,
000000000000000005f7,1518,CHN,694.4713604814391,
000000000000000005f8,1519,CHN,692.0918363257542,
000000000000000005f9,1520,CHN,1096.4538744845042,
000000000000000005fa,1521,CHN,17847.87012194238,
000000000000000005fb,1522,CHN,1231.2188014987062,
000000000000000005fc,1523,CHN,352.0778762711621,
000000000000000005fd,1524,CHN,1766.310860654966,
000000000000000005fe,1525,CHN,5276.428215698222,
000000000000000005ff,1526,CHN,2600.4716105803245,
00000000000000000600,1527,CHN,4750.024061099136,
00000000000000000601,1528,CHN,3280.19199649504,
00000000000000000602,1529,CHN,781.9197103811241,
00000000000000000603,1530,CHN,11027.455212255221,
00000000000000000604,1531,CHN,2066.2290066766864,
00000000000000000605,1532,CHN,498.88127203309335,
00000000000000000606,1533,CHN,1490.0773929696215,
00000000000000000607,1534,CHN,4800.605751130778,
00000000000000000608,1535,CHN,2267.4739827442068,
00000000000000000609,1536,CHN,1793.631380024934,
0000000000000000060a,1537,CHN,2017.967583495518,
0000000000000000060b,1538,CHN,4930.200735148317,
0000000000000000060c,1539,CHN,494.9914007623285,
0000000000000000060d,1540,CHN,2714.0697367255334,
0000000000000000060e,1541,CHN,6001.387545293277,
0000000000000000060f,1542,CHN,1344.7516512879793,
00000000000000000610,1543,CHN,2810.946151623599,
00000000000000000611,1544,CHN,3299.0194691640677,
00000000000000000612,1545,CHN,1685.0041990893865,
00000000000000000613,1546,CHN,3220.3008995828745,
00000000000000000614,1547,CHN,11333.264789716752,
00000000000000000615,1548,CHN,1679.0947457411335,
00000000000000000616,1549,CHN,8479.503142743575,
00000000000000000617,1550,CHN,1366.91115466615,
00000000000000000618,1551,CHN,1862.141547873672,
00000000000000000619,1552,CHN,2466.5027256720878,
0000000000000000061a,1553,CHN,759.1172273738773,
0000000000000000061b,1554,CHN,3990.8956327592423,
0000000000000000061c,1555,CHN,990.0997950798911,
0000000000000000061d,1556,CHN,1312.1734002454373,
0000000000000000061e,1557,CHN,1429.4972775053393,
0000000000000000061f,1558,CHN,2428.388386432656,
00000000000000000620,1559,CHN,108.98687781588904,
00000000000000000621,1560,CHN,3350.7636310793173,
00000000000000000622,1561,CHN,3369.2053899785933,
00000000000000000624,1563,CHN,2118.405018896348,
00000000000000000625,1564,CHN,3065.5829863484864,
00000000000000000626,1565,CHN,2687.7662320512623,
00000000000000000627,1566,CHN,2500.413583268083,
00000000000000000628,1567,CHN,2005.6277391794354,
00000000000000000629,1568,CHN,1309.6558193938997,
0000000000000000062a,1569,CHN,5021.635933773571,
0000000000000000062b,1570,CHN,1168.34234721581,
0000000000000000062c,1571,CHN,100.44185849754895,
0000000000000000062d,1572,CHN,1113.2259620176965,
0000000000000000062e,1573,CHN,1017.9673616166252,
0000000000000000062f,1574,CHN,722.483120276021,
00000000000000000630,1575,CHN,316.4074708030175,
00000000000000000631,1576,CHN,1792.907774603033,
00000000000000000632,1577,CHN,2245.084975523309,
00000000000000000633,1578,CHN,1378.2710963494228,
00000000000000000634,1579,CHN,1296.339592403109,
00000000000000000635,1580,CHN,95.49975850102629,
00000000000000000636,1581,CHN,8934.698698544287,
00000000000000000637,1582,CHN,1455.8832603325025,
00000000000000000638,1583,CHN,8396.112092554651,
00000000000000000639,1584,CHN,6356.571917736012,
0000000000000000063a,1585,CHN,1482.7464535927963,
0000000000000000063b,1586,CHN,722.0425222699618,
0000000000000000063c,1587,CHN,2509.2924781229713,
0000000000000000063d,1588,CHN,886.4928959681953,
0000000000000000063e,1589,CHN,2698.281048941001,
0000000000000000063f,1590,CHN,2088.70511229672,
00000000000000000640,1591,CHN,2600.6666902280026,
00000000000000000641,1592,CHN,1646.1694078710855,
00000000000000000642,1593,CHN,1463.3407656893962,
00000000000000000643,1594,CHN,1839.6579175224938,
00000000000000000648,1599,CHN,1830.3004633529515,
00000000000000000649,1600,CHN,3543.871825404912,
0000000000000000064a,1601,CHN,7839.699380848917,
0000000000000000064c,1603,CHN,2025.9156654084686,
0000000000000000064d,1604,CHN,2867.4751860993865,
0000000000000000064e,1605,CHN,921.3891069706053,
0000000000000000064f,1606,CHN,886.5696673613689,
00000000000000000650,1607,CHN,2835.218601967899,
00000000000000000651,1608,CHN,1097.7776282053067,
00000000000000000652,1609,CHN,1416.3421062255436,
00000000000000000653,1610,CHN,1107.234031541266,
00000000000000000654,1611,CHN,1659.014766987875,
00000000000000000655,1612,CHN,1956.4988300210762,
00000000000000000656,1613,CHN,2133.0078037117028,
00000000000000000657,1614,CHN,2054.7934382317735,
00000000000000000658,1615,CHN,1165.7706261712374,
00000000000000000659,1616,CHN,2493.475860930811,
0000000000000000065a,1617,CHN,1414.8648287540188,
0000000000000000065b,1618,CHN,3612.897648298191,
0000000000000000065c,1619,CHN,1537.408801002369,
0000000000000000065d,1620,CHN,3422.8784138591955,
0000000000000000065e,1621,CHN,303.0916392045518,
0000000000000000065f,1622,CHN,3929.761080492209,
00000000000000000660,1623,CHN,12125.129651546147,
00000000000000000661,1624,CHN,2438.1936545614376,
00000000000000000662,1625,CHN,1671.1971969378283,
00000000000000000663,1626,CHN,1319.4916740302372,
00000000000000000664,1627,CHN,7080.527781827588,
00000000000000000665,1628,CHN,754.3082475688717,
00000000000000000666,1629,CHN,1082.7261236993575,
00000000000000000667,1630,CHN,2547.068779999114,
00000000000000000668,1631,CHN,1405.7236003190505,
00000000000000000669,1632,CHN,1413.2856723188822,
0000000000000000066a,1633,CHN,2381.1480732652203,
0000000000000000066b,1634,CHN,1784.857007801367,
0000000000000000066c,1635,CHN,1561.955160793703,
0000000000000000066d,1636,CHN,1445.2572764135168,
0000000000000000066e,1637,CHN,51.85662182600405,
0000000000000000066f,1638,CHN,1223.932157718606,
00000000000000000670,1639,CHN,1796.7251422347074,
00000000000000000671,1640,CHN,318.97555821171267,
00000000000000000672,1641,CHN,2558.4458047005833,
00000000000000000673,1642,CHN,2741.283609047764,
00000000000000000674,1643,CHN,57.996704107471786,
00000000000000000675,1644,CHN,57.99728734377151,
00000000000000000676,1645,CHN,4114.607551684352,
00000000000000000677,1646,CHN,2400.5166400460967,
00000000000000000678,1647,CHN,13106.545252889438,
00000000000000000679,1648,CHN,1486.385695018328,
0000000000000000067a,1649,CHN,162.83289286467988,
0000000000000000067b,1650,CHN,2461.6466199157358,
0000000000000000067c,1651,CHN,911.7780765258077,
0000000000000000067d,1652,CHN,10310.542859164108,
0000000000000000067e,1653,CHN,2388.3182585405652,
0000000000000000067f,1654,CHN,1295.0874130647978,
00000000000000000680,1655,CHN,453.5106786398673,
00000000000000000681,1656,CHN,745.1275197349058,
00000000000000000682,1657,CHN,1186.773392958137,
00000000000000000683,1658,CHN,665.2587945110773,
00000000000000000684,1659,CHN,648.8477545655255,
00000000000000000685,1660,CHN,1879.1745277750613,
00000000000000000686,1661,CHN,2329.535121251329,
00000000000000000687,1662,CHN,458.4466354588781,
00000000000000000688,1663,CHN,2184.042389637405,
00000000000000000689,1664,CHN,2823.729775705688,
0000000000000000068a,1665,CHN,8290.453178485046,
0000000000000000068b,1666,CHN,10668.861999237582,
0000000000000000068c,1667,CHN,2331.5588943653593,
0000000000000000068d,1668,CHN,1614.6561269109854,
0000000000000000068e,1669,CHN,2146.0420521395026,
0000000000000000068f,1670,CHN,645.4603613816248,
00000000000000000690,1671,CHN,1881.2640296778422,
00000000000000000691,1672,CHN,2057.700057618671,
00000000000000000692,1673,CHN,1130.0633046334583,
00000000000000000693,1674,CHN,145.3745456386662,
00000000000000000694,1675,CHN,62.45532055182596,
00000000000000000695,1676,CHN,34.25680496317173,
00000000000000000696,1677,CHN,9.327853331329681,
00000000000000000697,1678,CHN,260.1267690571851,
00000000000000000698,1679,CHN,988.1091802786763,
00000000000000000699,1680,CHN,813.1360802389637,
0000000000000000069b,1682,CHN,9742.97318756255,
0000000000000000069c,1683,CHN,4451.055843429375,
0000000000000000069d,1684,CHN,1446.3598257422732,
0000000000000000069e,1685,CHN,2172.44954695118,
0000000000000000069f,1686,CHN,2398.1475023653325,
000000000000000006a0,1687,CHN,1635.263605366884,
000000000000000006a2,1689,CHN,1735.080348397364,
000000000000000006a3,1690,CHN,1172.03960656525,
000000000000000006a4,1691,CHN,1696.3591325560803,
000000000000000006a5,1692,CHN,861.3014171685431,
000000000000000006a6,1693,CHN,2341.7256697493526,
000000000000000006a7,1694,CHN,185.4360205138134,
000000000000000006a8,1695,CHN,2964.9483525953306,
000000000000000006a9,1696,CHN,685.7129930210132,
000000000000000006aa,1697,CHN,840.0068759245189,
000000000000000006ab,1698,CHN,1008.4555409750687,
000000000000000006ac,1699,CHN,2323.472905128795,
000000000000000006ad,1700,CHN,1290.9343306808487,
000000000000000000a8,755,COL,7954.72361169423,
000000000000000004ba,1201,CYP,,
00000000000000000000,587,CZE,64.83968737500373,
00000000000000000001,588,CZE,152.83419470464622,
00000000000000000014,607,CZE,116.35630989283166,
00000000000000000033,638,CZE,131.94378636423178,
00000000000000000057,674,CZE,253.37655687358142,
000000000000000000cd,792,CZE,934.1828536933081,
000000000000000000f2,822,CZE,66.50390636205627,
00000000000000000122,870,CZE,85.25539452399195,
00000000000000000143,903,CZE,88.98167046859697,
00000000000000000166,938,CZE,695.4110777631155,
00000000000000000223,1127,CZE,903.5270151773336,
00000000000000000456,527,CZE,2682.634694938006,
000000000000000004bb,1202,CZE,334.78898626057236,
000000000000000004e9,1248,CZE,70.39474163439347,
0000000000000000050f,1286,CZE,356.29493108206236,
00000000000000000003,590,DEU,321.5788394248861,
00000000000000000007,594,DEU,1370.3259008664868,
0000000000000000000a,597,DEU,1375.667003045116,
00000000000000000094,735,DEU,848.3711267814051,
00000000000000000099,740,DEU,271.02300706528314,
0000000000000000009a,741,DEU,283.7674708312708,
000000000000000000a7,754,DEU,31.677308575574838,
00000000000000000106,842,DEU,122.81599879940785,
00000000000000000110,852,DEU,1411.7793205420758,
00000000000000000156,922,DEU,119.77555360913475,
0000000000000000018a,974,DEU,3808.623570532658,
000000000000000001a1,997,DEU,277.6585778344446,
000000000000000001b2,1014,DEU,117.43343279875927,
000000000000000001b5,1017,DEU,686.9653045526284,
000000000000000001b6,1018,DEU,188.38818118107815,
000000000000000001b7,1019,DEU,140.4951552919239,
000000000000000001e6,1066,DEU,191.69091834940022,
0000000000000000021c,1120,DEU,164.24270471475165,
00000000000000000290,74,DEU,496.7643634586771,
00000000000000000291,75,DEU,148.8035850954159,
00000000000000000295,79,DEU,189.32881256767493,
000000000000000002c5,127,DEU,336.7878854859184,
000000000000000002dc,150,DEU,242.93446079238998,
000000000000000002e9,163,DEU,3808.5744757932493,
00000000000000000306,191,DEU,1448.4606700904599,
0000000000000000030a,195,DEU,550.2873275754379,
00000000000000000375,302,DEU,366.64806538236087,
0000000000000000039f,344,DEU,2381.2233599483684,
000000000000000003a0,345,DEU,2381.6850583074074,
0000000000000000043b,500,DEU,2378.656499452444,
0000000000000000044f,520,DEU,162.30334053099395,
00000000000000000452,523,DEU,179.48277834739469,
0000000000000000047e,567,DEU,688.4324431466247,
00000000000000000495,1165,DEU,32.19807844037292,
00000000000000000497,1167,DEU,163.16373769503016,
000000000000000004b7,1198,DEU,141.68866534116324,
000000000000000000b5,768,DNK,191.8666896017934,
0000000000000000010f,851,DNK,579.5683496473317,
00000000000000000202,1094,DNK,386.8913007276252,
0000000000000000022b,1135,DNK,192.03583034807693,
000000000000000003a3,348,DNK,121.9721117514297,
00000000000000000459,530,DNK,4561.47480953571,
0000000000000000003b,646,ESP,44.33784818673618,
00000000000000000049,660,ESP,,
00000000000000000054,671,ESP,53.444720693043244,
00000000000000000061,684,ESP,1495.6564439923318,
00000000000000000067,690,ESP,25.11381990888349,
0000000000000000007a,709,ESP,18.942814600668235,
00000000000000000084,719,ESP,6022.652459440262,
0000000000000000008a,725,ESP,2149.24671601279,
0000000000000000008b,726,ESP,1475.11291718642,
0000000000000000008c,727,ESP,487.65853059728954,
00000000000000000098,739,ESP,774.6350586269352,
000000000000000000c5,784,ESP,141.05947105319157,
000000000000000000c6,785,ESP,199.9280073527898,
000000000000000000d3,798,ESP,399.58364758599004,
000000000000000000d9,804,ESP,356.6854581911279,
000000000000000000f3,823,ESP,46.396117616268384,
00000000000000000104,840,ESP,61.277617451254834,
00000000000000000108,844,ESP,59.64867866271698,
0000000000000000011b,863,ESP,28.669439493446614,
00000000000000000134,888,ESP,24.803744605578604,
0000000000000000013b,895,ESP,8.795112824656409,
0000000000000000013e,898,ESP,602.5195015476351,
00000000000000000169,941,ESP,512.1031260532114,
00000000000000000172,950,ESP,62.2690711576101,
0000000000000000017e,962,ESP,2450.512236621135,
00000000000000000181,965,ESP,691.0819147667781,
000000000000000001bc,1024,ESP,10.359410457305799,
000000000000000001c8,1036,ESP,2016.813451636211,
000000000000000001cc,1040,ESP,418.2329201613189,
000000000000000001cf,1043,ESP,11.142869787550694,
000000000000000001d0,1044,ESP,886.851791653061,
000000000000000001d3,1047,ESP,389.11662731678814,
000000000000000001f2,1078,ESP,2588.219804033838,
0000000000000000020b,1103,ESP,9.33075662543469,
0000000000000000023c,1152,ESP,297.23225757774657,
00000000000000000245,1161,ESP,2.3698817739204765,
0000000000000000024e,9,ESP,58.848717357087544,
00000000000000000271,43,ESP,738.2189068867855,
00000000000000000273,45,ESP,985.7784994446431,
00000000000000000274,46,ESP,1250.0629934550136,
00000000000000000277,49,ESP,657.4763811204724,
00000000000000000278,50,ESP,70.45417688643184,
00000000000000000279,51,ESP,29.32184809826259,
0000000000000000029a,84,ESP,347.55892962696936,
0000000000000000029c,86,ESP,69.93631822069909,
000000000000000002a0,90,ESP,1326.4190246081348,
000000000000000002aa,100,ESP,644.7481931731369,
000000000000000002c1,123,ESP,5980.052324059417,
000000000000000002c2,124,ESP,736.3518845732021,
000000000000000002c4,126,ESP,41.965626508816676,
000000000000000002ca,132,ESP,113.2451531013759,
000000000000000002d3,141,ESP,3053.9065805584414,
000000000000000002d6,144,ESP,294.6868163893948,
000000000000000002df,153,ESP,48.332154021569984,
000000000000000002e2,156,ESP,316.9165945520833,
000000000000000002f7,176,ESP,1974.6212856030008,
00000000000000000319,210,ESP,6.042368023376297,
00000000000000000327,224,ESP,6.495191904023042,
00000000000000000328,225,ESP,3785.777068100114,
00000000000000000329,226,ESP,33.85274419638497,
0000000000000000032e,231,ESP,46.316731082485916,
00000000000000000333,236,ESP,208.69149868532546,
00000000000000000338,241,ESP,91.07000953900587,
0000000000000000033c,245,ESP,39.90172032919143,
0000000000000000033f,248,ESP,48.43055314642072,
00000000000000000340,249,ESP,9.438458404172733,
00000000000000000341,250,ESP,5.198503523979087,
00000000000000000342,251,ESP,634.8383909993054,
00000000000000000343,252,ESP,251.16519387969836,
00000000000000000344,253,ESP,40.68445174962523,
00000000000000000345,254,ESP,279.95676855209024,
00000000000000000346,255,ESP,292.41384143940024,
00000000000000000347,256,ESP,435.012580611114,
00000000000000000348,257,ESP,351.2455647344612,
00000000000000000349,258,ESP,2133.0538537461985,
0000000000000000034a,259,ESP,46.877021775056555,
0000000000000000034b,260,ESP,55.85922591342073,
0000000000000000034c,261,ESP,1784.438853609329,
0000000000000000034d,262,ESP,34.46232263867599,
0000000000000000034e,263,ESP,6006.989174992849,
0000000000000000034f,264,ESP,203.93348956071586,
00000000000000000350,265,ESP,52.21423874524182,
00000000000000000351,266,ESP,174.61803601131433,
00000000000000000352,267,ESP,219.28752033443928,
0000000000000000037a,307,ESP,56.4942714223822,
0000000000000000038c,325,ESP,275.04207290802276,
0000000000000000038d,326,ESP,138.85704334880558,
0000000000000000039c,341,ESP,185.41751796327165,
000000000000000003b4,365,ESP,919.9840456753944,
000000000000000003c5,382,ESP,326.88567906231316,
000000000000000003cb,388,ESP,527.5775684386955,
000000000000000003d0,393,ESP,14.992942460492497,
0000000000000000040a,451,ESP,223.71010729637618,
0000000000000000040b,452,ESP,72.55087002922444,
00000000000000000419,466,ESP,1112.255934113361,
00000000000000000428,481,ESP,62.28744772281134,
0000000000000000042c,485,ESP,131.16446522384123,
00000000000000000464,541,ESP,163.38685322631488,
00000000000000000465,542,ESP,5.489466513600294,
00000000000000000474,557,ESP,1164.2915091976963,
00000000000000000489,578,ESP,210.6573635345441,
0000000000000000048a,579,ESP,99.0145599883031,
00000000000000000491,586,ESP,244.311020221122,
0000000000000000049f,1175,ESP,76.13754399661488,
000000000000000004c2,1209,ESP,1219.0762675960987,
000000000000000004c3,1210,ESP,873.04495139174,
000000000000000004dd,1236,ESP,20.356877530713355,
000000000000000004de,1237,ESP,36.631342728576776,
0000000000000000050c,1283,ESP,574.2424549887542,
0000000000000000043e,503,EST,1939.2418539458954,
00000000000000000255,15,ETH,8430.879288431232,
00000000000000000008,595,FIN,114.1409638628073,
00000000000000000009,596,FIN,114.13804828052135,
00000000000000000036,641,FIN,50.85838740007226,
0000000000000000003d,648,FIN,396.3711716580646,
00000000000000000045,656,FIN,0.7615448460963797,
00000000000000000114,856,FIN,1.4135269247815228,
00000000000000000115,857,FIN,50.776901071664,
00000000000000000132,886,FIN,9.209049957073573,
00000000000000000133,887,FIN,107.54079571318033,
0000000000000000013a,894,FIN,396.33392598668667,
0000000000000000015d,929,FIN,289.29949797814163,
0000000000000000020e,1106,FIN,70.88418980749803,
00000000000000000212,1110,FIN,19.947346966648,
00000000000000000238,1148,FIN,278.45550279616526,
00000000000000000356,271,FIN,114.14522423192808,
000000000000000003d3,396,FIN,66.45078758623085,
000000000000000003d4,397,FIN,73.66151371580023,
00000000000000000450,521,FIN,2041.495296515888,
00000000000000000475,558,FIN,19.481467208927768,
000000000000000004bd,1204,FIN,1793.3359211174652,
00000000000000000006,593,FRA,71.93948219332484,
00000000000000000043,654,FRA,47.53749845717269,
0000000000000000005a,677,FRA,20.35903889061651,
0000000000000000005e,681,FRA,29.99844283431833,
0000000000000000006a,693,FRA,271.0493086890956,
0000000000000000006b,694,FRA,453.9995486310713,
0000000000000000006c,695,FRA,110.65536181799597,
0000000000000000006d,696,FRA,85.20880250236578,
00000000000000000074,703,FRA,82.66549642186968,
00000000000000000081,716,FRA,693.224863955145,
00000000000000000089,724,FRA,101.65383510983767,
0000000000000000008d,728,FRA,49.5045241230517,
0000000000000000009d,744,FRA,59.52385425618539,
000000000000000000a0,747,FRA,661.2421716273118,
000000000000000000a5,752,FRA,45.88955062612612,
000000000000000000ae,761,FRA,929.9113905217819,
000000000000000000af,762,FRA,23.42921428678028,
000000000000000000ce,793,FRA,191.19815487749213,
000000000000000000d2,797,FRA,80.48364629769668,
00000000000000000107,843,FRA,11.888817975848863,
0000000000000000010e,850,FRA,816.3737247092794,
0000000000000000011f,867,FRA,450.0239883750204,
00000000000000000128,876,FRA,273.54580599257207,
00000000000000000129,877,FRA,544.4322999755033,
0000000000000000012a,878,FRA,252.94913613511406,
0000000000000000012e,882,FRA,23.812490151300853,
00000000000000000144,904,FRA,15674.381153573584,
00000000000000000148,908,FRA,209.8887539141721,
00000000000000000182,966,FRA,911.0964847199309,
00000000000000000183,967,FRA,38.02786286785319,
00000000000000000184,968,FRA,824.4803148178006,
00000000000000000185,969,FRA,17.989423491892662,
0000000000000000019e,994,FRA,372.2441589856246,
000000000000000001a2,998,FRA,3967.760062442512,
000000000000000001ba,1022,FRA,720.9284424877745,
000000000000000001da,1054,FRA,52.67761895192152,
000000000000000001e0,1060,FRA,666.5275905387443,
000000000000000001e5,1065,FRA,92.15678420639738,
000000000000000001ee,1074,FRA,620.3836495033244,
000000000000000001ef,1075,FRA,137.77985728063038,
000000000000000001f0,1076,FRA,9455.823872532736,
00000000000000000207,1099,FRA,565.3271634209606,
0000000000000000023a,1150,FRA,44.206205559332844,
00000000000000000244,1160,FRA,364.9387908143506,
0000000000000000025b,21,FRA,57.193087786953065,
0000000000000000025c,22,FRA,49.89827017179378,
0000000000000000025d,23,FRA,119.23057826131534,
0000000000000000025e,24,FRA,503.8829948620734,
0000000000000000025f,25,FRA,55.02953628086654,
00000000000000000260,26,FRA,126.7346666601127,
00000000000000000261,27,FRA,54.998821044277484,
00000000000000000262,28,FRA,105.73005484406431,
00000000000000000263,29,FRA,101.3217340393808,
00000000000000000264,30,FRA,215.25678862555813,
00000000000000000265,31,FRA,7.798842068520721,
00000000000000000266,32,FRA,11324.680184486508,
00000000000000000267,33,FRA,250.0841180122958,
00000000000000000276,48,FRA,68.84219728919102,
0000000000000000027a,52,FRA,139.13578352543644,
0000000000000000027b,53,FRA,2167.1265978259216,
0000000000000000029d,87,FRA,242.67269137645562,
000000000000000002a7,97,FRA,179.35166331355015,
000000000000000002ad,103,FRA,891.5682633281766,
000000000000000002ae,104,FRA,305.78204241114986,
000000000000000002af,105,FRA,119.50642638176791,
000000000000000002b0,106,FRA,167.4155965566032,
000000000000000002b1,107,FRA,125.09292137502116,
000000000000000002b2,108,FRA,180.1298651519483,
000000000000000002b3,109,FRA,505.7443988512016,
000000000000000002b4,110,FRA,312.0852671516516,
000000000000000002b5,111,FRA,83.98831347778801,
000000000000000002b6,112,FRA,17.620233702082057,
000000000000000002b7,113,FRA,61.078980921519324,
000000000000000002b8,114,FRA,46.29453116736766,
000000000000000002b9,115,FRA,25.625175276641468,
000000000000000002ba,116,FRA,465.8557019300708,
000000000000000002d7,145,FRA,712.2209179800926,
000000000000000002ff,184,FRA,597.3622587816711,
0000000000000000032d,230,FRA,258.9484452284218,
00000000000000000334,237,FRA,12.199225205848425,
00000000000000000360,281,FRA,288.0762390424178,
00000000000000000361,282,FRA,856.1255272393142,
00000000000000000369,290,FRA,91.06633145357178,
00000000000000000390,329,FRA,112.10842749130582,
00000000000000000391,330,FRA,346.4105677162501,
00000000000000000394,333,FRA,824.4831102686229,
00000000000000000395,334,FRA,497.6621821971046,
00000000000000000398,337,FRA,14.284715271231256,
000000000000000003ac,357,FRA,117.835148705595,
000000000000000003b3,364,FRA,262.1476481288158,
000000000000000003b5,366,FRA,42.92489582799928,
000000000000000003b8,369,FRA,80.18011882442995,
000000000000000003d2,395,FRA,1947.3647469786872,
000000000000000003d6,399,FRA,169.5325992926616,
000000000000000003d7,400,FRA,94.14758111136351,
000000000000000003e4,413,FRA,859.7436184013691,
000000000000000003f0,425,FRA,580.7701365133215,
000000000000000003fc,437,FRA,349.8865431334072,
00000000000000000405,446,FRA,33.55696198282158,
0000000000000000040c,453,FRA,2094.492677883732,
00000000000000000429,482,FRA,651.8880933855758,
00000000000000000432,491,FRA,653.7145403757669,
00000000000000000441,506,FRA,765.3103536430348,
00000000000000000442,507,FRA,65.92700384018725,
00000000000000000443,508,FRA,2078.81057649411,
00000000000000000444,509,FRA,182.44117039457058,
00000000000000000445,510,FRA,124.08349128080764,
00000000000000000446,511,FRA,126.13255480041715,
00000000000000000447,512,FRA,123.03203570001973,
00000000000000000448,513,FRA,166.7375391487464,
00000000000000000449,514,FRA,126.30786422210763,
0000000000000000044a,515,FRA,189.09205508102073,
0000000000000000044b,516,FRA,13033.392977934887,
00000000000000000451,522,FRA,1202.9105807915064,
00000000000000000473,556,FRA,952.1673435465663,
0000000000000000047c,565,FRA,55.49253715503393,
0000000000000000047d,566,FRA,971.4621601386542,
00000000000000000482,571,FRA,107.13580022558442,
000000000000000004be,1205,FRA,2399.29647237863,
000000000000000004bf,1206,FRA,9093.12226101452,
000000000000000004c6,1213,FRA,180.9575160379688,
000000000000000004cc,1219,FRA,592.0895390824056,
000000000000000004cf,1222,FRA,69.44984109732712,
000000000000000004d9,1232,FRA,504.82825560541704,
000000000000000004e8,1247,FRA,90.92642651602695,
00000000000000000506,1277,FRA,100.33819192161549,
0000000000000000050b,1282,FRA,709.3830615816449,
0000000000000000004d,664,GBR,513.9536012685206,
00000000000000000051,668,GBR,2125.0469161749797,
00000000000000000052,669,GBR,1919.20920953899,
00000000000000000065,688,GBR,2719.4908706897636,
0000000000000000006e,697,GBR,11254.5642636525,
0000000000000000008e,729,GBR,4088.0905276325448,
00000000000000000102,838,GBR,2274.1885270301077,
00000000000000000112,854,GBR,2819.024450485793,
00000000000000000117,859,GBR,2178.685717060012,
00000000000000000136,890,GBR,864.9967066626605,
00000000000000000165,937,GBR,1220.4170263800781,
00000000000000000194,984,GBR,1147.597200037444,
000000000000000001f6,1082,GBR,2195.401700461093,
00000000000000000211,1109,GBR,1610.190539568825,
00000000000000000221,1125,GBR,1077.4984441323866,
00000000000000000222,1126,GBR,1206.838680377067,
00000000000000000226,1130,GBR,1829.2865204078894,
00000000000000000250,11,GBR,1206.6706031316912,
000000000000000002e0,154,GBR,1439.6793822946984,
000000000000000002f3,172,GBR,3772.635440917854,
00000000000000000339,242,GBR,1361.8866584754535,
0000000000000000036a,291,GBR,642.2727092045432,
0000000000000000040f,456,GBR,2645.293499451781,
0000000000000000041c,469,GBR,554.2356762590236,
000000000000000004f2,1257,GBR,3011.2105040560077,
00000000000000000507,1278,GBR,677.6488422427411,
00000000000000000408,449,GIB,2193.506974563295,
000000000000000004b5,1196,GIB,2196.6658939774265,
00000000000000000512,1289,GRC,7877.614388316358,
00000000000000000513,1290,GRC,3873.940207635927,
00000000000000000030,635,HKG,21832.917332488916,
00000000000000000100,836,HKG,7441.866267723044,
000000000000000000be,777,HRV,869.9807262063991,
0000000000000000012f,883,HRV,85.73975832779034,
00000000000000000213,1111,HRV,871.2426888827272,
000000000000000003b9,370,HRV,38.25623779246956,
000000000000000003ba,371,HRV,87.87835434869827,
00000000000000000418,465,HRV,1001.0084374418071,
0000000000000000002c,631,HUN,97.70697861115768,
00000000000000000155,921,HUN,489.47848936790734,
0000000000000000022f,1139,HUN,391.8235525027833,
000000000000000002d2,140,HUN,480.6302211318418,
000000000000000002fd,182,HUN,215.76179287730747,
00000000000000000313,204,HUN,4475.5479580676465,
0000000000000000039a,339,HUN,409.483939172899,
000000000000000003e1,410,HUN,235.8477767384518,
00000000000000000434,493,HUN,74.52457482306413,
00000000000000000438,497,HUN,476.65408382164907,
00000000000000000468,545,HUN,625.8741576507362,
000000000000000004d5,1228,HUN,51.92590129977583,
000000000000000000e2,810,IDN,17172.675247309504,
0000000000000000048d,582,IDN,17173.24065829771,
00000000000000000002,589,IND,708.4576500312112,
00000000000000000004,591,IND,667.3171778784265,
00000000000000000005,592,IND,4451.186038906393,
0000000000000000000b,598,IND,31038.358200790037,
0000000000000000000c,599,IND,589.4435304968292,
0000000000000000000d,600,IND,529.9327135730383,
0000000000000000000e,601,IND,3149.6792072196386,
0000000000000000000f,602,IND,2135.738367094548,
00000000000000000010,603,IND,2677.266256689795,
00000000000000000015,608,IND,936.7748388062847,
00000000000000000019,612,IND,423.05487379282204,
0000000000000000001d,616,IND,3159.7614968752296,
0000000000000000001e,617,IND,2730.701762923607,
00000000000000000020,619,IND,713.6993025326627,
00000000000000000029,628,IND,3378.1413255806387,
0000000000000000002a,629,IND,29056.001965408163,
0000000000000000002b,630,IND,2783.5304866890638,
0000000000000000002f,634,IND,871.2166447772973,
00000000000000000031,636,IND,1794.93387557911,
00000000000000000035,640,IND,279.68239036936393,
00000000000000000037,642,IND,27705.20024744721,
00000000000000000038,643,IND,715.8567595375646,
0000000000000000006f,698,IND,15646.847749573868,
00000000000000000070,699,IND,15646.847749573868,
00000000000000000078,707,IND,4070.4204230403275,
00000000000000000079,708,IND,1183.8200410922857,
00000000000000000085,720,IND,419.9544629679301,
00000000000000000086,721,IND,25295.35117255588,
00000000000000000087,722,IND,5536.1951821616085,
00000000000000000088,723,IND,344.91127228642,
00000000000000000090,731,IND,595.1804992478354,
00000000000000000091,732,IND,940.5337375962428,
00000000000000000092,733,IND,738.8280523483974,
00000000000000000093,734,IND,2150.929453299301,
000000000000000000a6,753,IND,36116.38072165262,
000000000000000000aa,757,IND,2217.0284616940803,
000000000000000000b9,772,IND,633.1563471083939,
000000000000000000ba,773,IND,537.1609381156749,
000000000000000000bb,774,IND,5187.007286966959,
000000000000000000c0,779,IND,4915.337460518081,
000000000000000000cc,791,IND,2094.9527865357054,
000000000000000000d5,800,IND,867.5302498727438,
000000000000000000d7,802,IND,30930.4308746319,
000000000000000000d8,803,IND,4518.287712944453,
000000000000000000db,806,IND,1481.47660327582,
000000000000000000dc,807,IND,3566.06375116101,
000000000000000000dd,808,IND,8766.491394634417,
000000000000000000de,809,IND,1034.504717373685,
000000000000000000e8,812,IND,7109.887697890554,
000000000000000000ed,817,IND,2031.3612345911347,
000000000000000000ef,819,IND,537.1609381156749,
000000000000000000f0,820,IND,2202.8428842015114,
000000000000000000f4,824,IND,7295.978129749809,
000000000000000000f6,826,IND,595.1804992478354,
000000000000000000f7,827,IND,1183.8200410922857,
000000000000000000f8,828,IND,1088.9100934097391,
000000000000000000f9,829,IND,874.4735150093848,
000000000000000000fa,830,IND,1028.7702185676646,
000000000000000000fd,833,IND,9890.56349252463,
0000000000000000010c,848,IND,11708.949155252874,
00000000000000000124,872,IND,19571.0187822496,
00000000000000000127,875,IND,12601.88365640256,
0000000000000000012b,879,IND,3372.609348736918,
00000000000000000131,885,IND,666.2838710435699,
0000000000000000013c,896,IND,186.75872107604405,
0000000000000000013f,899,IND,987.6918670785798,
00000000000000000140,900,IND,1148.1786371478022,
00000000000000000141,901,IND,2752.744293828638,
00000000000000000142,902,IND,845.6148708782813,
00000000000000000149,909,IND,10742.670717781948,
0000000000000000014a,910,IND,816.9209786442025,
0000000000000000014b,911,IND,4375.855927736829,
0000000000000000014c,912,IND,19857.464311405638,
00000000000000000157,923,IND,857.2578820702405,
00000000000000000160,932,IND,706.6578208826181,
00000000000000000163,935,IND,706.6578208826181,
00000000000000000168,940,IND,3194.424883950111,
00000000000000000180,964,IND,9805.698632305772,
0000000000000000018b,975,IND,2551.137178984225,
0000000000000000018c,976,IND,6473.913527606229,
0000000000000000018e,978,IND,467.7443706062936,
00000000000000000190,980,IND,545.5015102732319,
0000000000000000019a,990,IND,14952.729964531245,
0000000000000000019b,991,IND,529.8830567635564,
000000000000000001ab,1007,IND,789.4179347128403,
000000000000000001ad,1009,IND,1113.6739112834239,
000000000000000001b1,1013,IND,690.9616300867407,
000000000000000001b4,1016,IND,545.5015102732319,
000000000000000001b9,1021,IND,437.1894471844472,
000000000000000001de,1058,IND,1048.2602955108139,
000000000000000001df,1059,IND,18222.93575618644,
000000000000000001e3,1063,IND,935.3865391470632,
000000000000000001e9,1069,IND,1481.47660327582,
000000000000000001ec,1072,IND,845.6148708782813,
000000000000000001ed,1073,IND,871.2166447772973,
000000000000000001f3,1079,IND,5254.718563031095,
000000000000000001f4,1080,IND,4366.951398819031,
000000000000000001f7,1083,IND,1488.59273804145,
000000000000000001f8,1084,IND,3711.947091895265,
000000000000000001fc,1088,IND,815.6737009655238,
000000000000000001fd,1089,IND,3830.2207951252994,
000000000000000001fe,1090,IND,339.7569141699225,
00000000000000000200,1092,IND,396.4611658423742,
00000000000000000205,1097,IND,1204.4807288954519,
0000000000000000020a,1102,IND,1110.8003384855558,
00000000000000000217,1115,IND,2551.137178984225,
00000000000000000227,1131,IND,339.7569141699225,
00000000000000000235,1145,IND,666.2838710435699,
00000000000000000246,1,IND,15129.001000802189,
00000000000000000247,2,IND,346.2597647680104,
00000000000000000248,3,IND,18488.208606757373,
00000000000000000249,4,IND,10819.63361199224,
0000000000000000024a,5,IND,710.3060714207876,
0000000000000000024b,6,IND,3570.268578453969,
0000000000000000024d,8,IND,2895.107835589395,
0000000000000000024f,10,IND,713.6993025326627,
00000000000000000257,17,IND,3983.9277012006273,
00000000000000000258,18,IND,4003.4399275809988,
0000000000000000025a,20,IND,19571.0187822496,
00000000000000000268,34,IND,828.0376494140924,
00000000000000000269,35,IND,1060.032432961715,
0000000000000000026b,37,IND,738.8280523483974,
0000000000000000027c,54,IND,710.3060714207876,
0000000000000000027d,55,IND,1198.126018520419,
0000000000000000027f,57,IND,1048.2602955108139,
00000000000000000280,58,IND,454.6906025328003,
00000000000000000281,59,IND,636.9718306621928,
00000000000000000282,60,IND,1028.7702185676646,
00000000000000000293,77,IND,1068.2939303106937,
00000000000000000297,81,IND,708.4576500312112,
00000000000000000299,83,IND,2355.0200748455645,
000000000000000002a2,92,IND,6451.241323850991,
000000000000000002a3,93,IND,6451.241323850991,
000000000000000002ab,101,IND,14667.726994816128,
000000000000000002bb,117,IND,2150.929453299301,
000000000000000002bd,119,IND,845.2222166881439,
000000000000000002c7,129,IND,340.6361437563314,
000000000000000002c8,130,IND,1668.6929011226998,
000000000000000002c9,131,IND,5187.007286966959,
000000000000000002ce,136,IND,2614.047463775301,
000000000000000002da,148,IND,636.9718306621928,
000000000000000002dd,151,IND,2614.047463775301,
000000000000000002e4,158,IND,7148.849665030534,
000000000000000002ec,165,IND,857.2578820702405,
000000000000000002ed,166,IND,633.1563471083939,
000000000000000002ee,167,IND,1722.0059408317131,
000000000000000002f2,171,IND,935.3865391470632,
00000000000000000305,190,IND,419.9544629679301,
00000000000000000316,207,IND,1579.8141365763315,
00000000000000000317,208,IND,1068.2939303106937,
00000000000000000320,217,IND,1198.126018520419,
00000000000000000321,218,IND,3872.9540958509165,
00000000000000000322,219,IND,4789.153498040637,
00000000000000000323,220,IND,29945.489792503642,
00000000000000000324,221,IND,27912.278211287106,
00000000000000000325,222,IND,4338.5304282943525,
00000000000000000354,269,IND,1535.770696908168,
0000000000000000035c,277,IND,226.31578253660012,
0000000000000000035e,279,IND,4186.644006223476,
0000000000000000035f,280,IND,109.32143763512047,
00000000000000000362,283,IND,434.5163001569559,
00000000000000000368,289,IND,17915.46218227031,
00000000000000000370,297,IND,382.50808856492097,
00000000000000000371,298,IND,192.64977137859339,
00000000000000000379,306,IND,1584.3837252424798,
00000000000000000380,313,IND,2188.75647558907,
00000000000000000382,315,IND,389.20460535109225,
000000000000000003a2,347,IND,389.20460535109225,
000000000000000003a6,351,IND,16880.486868833857,
000000000000000003ad,358,IND,558.2880854805054,
000000000000000003af,360,IND,844.8191261486701,
000000000000000003c0,377,IND,886.0980122166975,
000000000000000003c3,380,IND,940.5337375962428,
000000000000000003c9,386,IND,2730.701762923607,
000000000000000003cd,390,IND,4021.4909142140064,
000000000000000003da,403,IND,1579.8141365763315,
000000000000000003dc,405,IND,5359.19653079684,
000000000000000003df,408,IND,395.90639547379226,
000000000000000003f8,433,IND,874.4735150093848,
000000000000000003f9,434,IND,874.4735150093848,
000000000000000003fa,435,IND,15392.536678257993,
000000000000000003fb,436,IND,2202.8428842015114,
000000000000000003fe,439,IND,2313.423944812409,
000000000000000003ff,440,IND,2718.428043964101,
00000000000000000407,448,IND,15000.655175971044,
00000000000000000413,460,IND,1668.6929011226998,
00000000000000000414,461,IND,382.50808856492097,
00000000000000000415,462,IND,391.51927623919295,
00000000000000000416,463,IND,558.2880854805054,
0000000000000000041f,472,IND,2368.939027647665,
0000000000000000042e,487,IND,4608.401393374303,
0000000000000000042f,488,IND,4626.742298648074,
00000000000000000430,489,IND,3355.59124260911,
00000000000000000431,490,IND,4921.767616270304,
00000000000000000433,492,IND,718.3930973402141,
00000000000000000439,498,IND,2721.1729712150723,
0000000000000000043a,499,IND,990.1895490705491,
0000000000000000043d,502,IND,2081.7662720339836,
00000000000000000455,526,IND,529.8830567635564,
0000000000000000045a,531,IND,19395.298695112935,
0000000000000000045b,532,IND,396.4611658423742,
0000000000000000045c,533,IND,1143.221079632743,
00000000000000000463,540,IND,279.68239036936393,
0000000000000000046b,548,IND,10492.754914115327,
00000000000000000477,560,IND,159.32381518948495,
00000000000000000478,561,IND,24507.441198434975,
0000000000000000047a,563,IND,186.75872107604405,
0000000000000000047b,564,IND,444.2256650498489,
0000000000000000047f,568,IND,529.9327135818384,
00000000000000000485,574,IND,1084.2488729375002,
0000000000000000048b,580,IND,4041.7579708307026,
0000000000000000048e,583,IND,1584.3837252424798,
0000000000000000048f,584,IND,5933.879881798318,
00000000000000000492,1162,IND,19539.372214379116,
00000000000000000493,1163,IND,844.8191261486701,
00000000000000000494,1164,IND,3198.148701171985,
0000000000000000049b,1171,IND,1088.9100934097391,
0000000000000000049c,1172,IND,19539.372214379116,
000000000000000004a2,1177,IND,395.90639547379226,
000000000000000004b2,1193,IND,507.50434096278815,
000000000000000004b4,1195,IND,867.5302498727438,
000000000000000004c5,1212,IND,1535.770696908168,
000000000000000004c7,1214,IND,3484.972409021414,
000000000000000004cb,1218,IND,14667.726994816128,
000000000000000004da,1233,IND,324.86159204768063,
000000000000000004db,1234,IND,4518.287712944453,
000000000000000004e1,1240,IND,4921.767616270304,
000000000000000004e5,1244,IND,20344.902667518163,
000000000000000004f0,1255,IND,19971.351221421326,
000000000000000004f1,1256,IND,963.514624212231,
000000000000000004fe,1269,IND,262.0140962954959,
00000000000000000502,1273,IND,1148.1786371478022,
00000000000000000503,1274,IND,1148.1786371478022,
00000000000000000504,1275,IND,1148.1786371478022,
00000000000000000044,655,IRL,203.17078463727032,
000000000000000003bb,372,IRL,3529.7003838187843,
000000000000000003be,375,IRL,2559.204031797676,
00000000000000000481,570,IRL,60.34816598217741,
0000000000000000019f,995,ISL,403.2620614818143,
00000000000000000427,480,ISL,44.78923337955988,
00000000000000000435,494,ISL,237.59953512245758,
0000000000000000046a,547,ISL,0.47620245655348903,
0000000000000000052e,1317,ISR,109.95766763400265,
0000000000000000052f,1318,ISR,42.71008772534774,
00000000000000000530,1319,ISR,6374.147757209143,
00000000000000000531,1320,ISR,1787.9483035926057,
00000000000000000532,1321,ISR,2147.4578369990395,
00000000000000000533,1322,ISR,512.7900138926644,
00000000000000000534,1323,ISR,404.4837074737607,
00000000000000000535,1324,ISR,904.1415058054307,
00000000000000000536,1325,ISR,209.88631376852956,
00000000000000000537,1326,ISR,634.8095993216639,
00000000000000000538,1327,ISR,1172.8514584983936,
00000000000000000539,1328,ISR,1092.9014306715908,
0000000000000000053a,1329,ISR,1457.8727279755517,
0000000000000000004c,663,ITA,135.1840458801561,
0000000000000000004f,666,ITA,670.39942163927,
00000000000000000050,667,ITA,306.2104849853231,
00000000000000000066,689,ITA,547.123332625512,
00000000000000000068,691,ITA,321.4217758805299,
00000000000000000077,706,ITA,445.85362110785655,
0000000000000000007f,714,ITA,324.5898472939481,
00000000000000000096,737,ITA,388.2711011266815,
000000000000000000a1,748,ITA,634.5350957959799,
000000000000000000a3,750,ITA,49.747095632121805,
000000000000000000b6,769,ITA,5666.095696564997,
000000000000000000c2,781,ITA,744.1372742179606,
000000000000000000c3,782,ITA,763.6657857763574,
000000000000000000cb,790,ITA,3277.5559108016582,
000000000000000000ee,818,ITA,6596.980503030776,
00000000000000000119,861,ITA,553.2057237017021,
0000000000000000011a,862,ITA,14.159557817986213,
00000000000000000138,892,ITA,1010.7666196637683,
00000000000000000146,906,ITA,674.4806363795606,
00000000000000000147,907,ITA,678.9134215878848,
0000000000000000014d,913,ITA,149.42899089914093,
00000000000000000152,918,ITA,274.22023382294435,
00000000000000000153,919,ITA,213.19106359856985,
00000000000000000154,920,ITA,1530.5404454780066,
0000000000000000015b,927,ITA,167.58465620896357,
0000000000000000015c,928,ITA,462.9787609850327,
0000000000000000015e,930,ITA,273.4162656699344,
0000000000000000015f,931,ITA,628.9681590652069,
0000000000000000016f,947,ITA,243.8221314363728,
00000000000000000174,952,ITA,1289.365721001894,
00000000000000000191,981,ITA,422.8023774847118,
00000000000000000192,982,ITA,460.4373836029028,
00000000000000000197,987,ITA,65.40643027312898,
00000000000000000198,988,ITA,683.9552461148501,
00000000000000000199,989,ITA,694.2806982698103,
000000000000000001a4,1000,ITA,127.86086266512699,
000000000000000001a6,1002,ITA,904.3193060793208,
000000000000000001ac,1008,ITA,1501.9435112125366,
000000000000000001b0,1012,ITA,285.97766175954854,
000000000000000001be,1026,ITA,1183.3364917243414,
000000000000000001e2,1062,ITA,496.02161291435897,
000000000000000001fb,1087,ITA,180.30611392387624,
00000000000000000208,1100,ITA,106.46519135340671,
00000000000000000239,1149,ITA,837.9335630606354,
00000000000000000242,1158,ITA,119.32917916212904,
00000000000000000272,44,ITA,209.56399009684174,
0000000000000000028d,71,ITA,359.82590118733384,
0000000000000000029e,88,ITA,204.9141873210754,
000000000000000002a4,94,ITA,207.4847481453803,
000000000000000002a9,99,ITA,311.28215297108414,
000000000000000002d4,142,ITA,1484.3971711306394,
000000000000000002d5,143,ITA,808.0975998393221,
000000000000000002e1,155,ITA,236.80826359417983,
000000000000000002e6,160,ITA,1347.655815840851,
000000000000000002f0,169,ITA,428.73711277684936,
000000000000000002fa,179,ITA,1532.6192297608918,
000000000000000002fb,180,ITA,1615.1902512574827,
000000000000000002fc,181,ITA,73.89394859123989,
0000000000000000030b,196,ITA,1051.1142802903282,
0000000000000000030d,198,ITA,167.0797773648134,
0000000000000000032a,227,ITA,1090.556950308389,
00000000000000000330,233,ITA,210.83760397708176,
0000000000000000033a,243,ITA,1074.051410411424,
0000000000000000033e,247,ITA,229.76074389486382,
0000000000000000037b,308,ITA,238.56945365888288,
00000000000000000387,320,ITA,1247.5669845327325,
00000000000000000393,332,ITA,132.26878585810843,
00000000000000000397,336,ITA,152.19059046576461,
00000000000000000399,338,ITA,283.64759476528644,
0000000000000000039d,342,ITA,96.64456049148696,
000000000000000003e2,411,ITA,374.8594555399384,
000000000000000003e3,412,ITA,444.60180519317765,
000000000000000003e5,414,ITA,1855.1494918879948,
000000000000000003e9,418,ITA,3.3171165873315744,
000000000000000003ea,419,ITA,519.3035554911506,
000000000000000003eb,420,ITA,378.7178491394792,
000000000000000003f3,428,ITA,296.7009447884642,
00000000000000000426,479,ITA,250.61943695718776,
000000000000000004a3,1178,ITA,1489.3638483591371,
000000000000000004a7,1182,ITA,501.67733805863946,
000000000000000004a9,1184,ITA,367.1944821750674,
000000000000000004c8,1215,ITA,1382.4939358449358,
000000000000000004d0,1223,ITA,868.8595059014882,
000000000000000004d2,1225,ITA,76.5171433935467,
000000000000000004d3,1226,ITA,32.781096395344335,
000000000000000004d4,1227,ITA,378.9307211892959,
000000000000000004d7,1230,ITA,309.76474985983083,
000000000000000004d8,1231,ITA,572.4348369722069,
000000000000000004e4,1243,ITA,68.699822453978,
000000000000000002a8,98,KAZ,158.8953306857172,
000000000000000000e9,813,KEN,4545.169470638675,
0000000000000000001b,614,LTU,95.82201664485251,
00000000000000000025,624,LTU,619.0042561719106,
00000000000000000240,1156,LTU,36.21964421559223,
000000000000000004df,1238,LTU,919.4582035832817,
0000000000000000007c,711,LUX,735.8553061811842,
000000000000000003b0,361,LUX,116.19960258443602,
00000000000000000059,676,LVA,661.7697304130189,
000000000000000001a0,996,LVA,128.83376679792522,
000000000000000001a5,1001,LVA,2202.627173540969,
000000000000000004d1,1224,LVA,279.51793955407516,
000000000000000000b0,763,MEX,10300.04966132327,
000000000000000002cb,133,MEX,2599.526942721586,
000000000000000003b1,362,MEX,12963.667030870038,
0000000000000000042a,483,MEX,125.01281537919176,
000000000000000000bf,778,MKD,102.7571232048933,
00000000000000000219,1117,MKD,52.817108943879795,
000000000000000002f6,175,MKD,107.15813801311178,
000000000000000004b6,1197,MNG,1276.9978960291687,
00000000000000000514,1291,MNG,5.120684135135092,
00000000000000000515,1292,MNG,79.0726826285107,
00000000000000000516,1293,MNG,47.22362239239463,
00000000000000000517,1294,MNG,85.22981688498385,
00000000000000000518,1295,MNG,31.180867632486947,
0000000000000000051b,1298,MNG,42.45754649484104,
0000000000000000051c,1299,MNG,236.5237828664065,
0000000000000000051d,1300,MNG,155.87750887716774,
0000000000000000051e,1301,MNG,5.2357043747436975,
0000000000000000051f,1302,MNG,3.0032116343085185,
00000000000000000520,1303,MNG,100.71375417977536,
00000000000000000521,1304,MNG,87.55840129295295,
00000000000000000522,1305,MNG,0.1885032281485606,
00000000000000000525,1308,MNG,62.01658356892264,
00000000000000000526,1309,MNG,5.59826267956143,
00000000000000000527,1310,MNG,40.31216952322621,
00000000000000000528,1311,MNG,59.2338844291882,
00000000000000000529,1312,MNG,25.371737306887628,
0000000000000000052a,1313,MNG,0.6556402927902315,
0000000000000000052b,1314,MNG,86.91453726886692,
0000000000000000052c,1315,MNG,1.8758882530864895,
0000000000000000052d,1316,MNG,175.55726840564236,
0000000000000000007e,713,NLD,740.9094507684922,
00000000000000000109,845,NLD,974.1850297460984,
000000000000000001ae,1010,NLD,2309.3680377820942,
000000000000000001af,1011,NLD,2216.7338974926256,
00000000000000000283,61,NLD,2692.5434444410134,
000000000000000002ef,168,NLD,232.46468186188085,
00000000000000000309,194,NLD,873.349943824215,
000000000000000003a8,353,NLD,3361.4208997951646,
000000000000000003c4,381,NLD,1258.5829774102476,
00000000000000000425,478,NLD,816.2389995519854,
0000000000000000044d,518,NLD,996.1285454986954,
000000000000000004bc,1203,NLD,1830.2208211744028,
000000000000000004ce,1221,NLD,1504.0089381506448,
00000000000000000034,639,NOR,271.1350561725499,
0000000000000000005b,678,NOR,56.008955073199594,
0000000000000000005c,679,NOR,426.0776368687917,
00000000000000000130,884,NOR,1441.739609574523,
0000000000000000021b,1119,NOR,1065.2257324228133,
000000000000000002c6,128,NOR,941.7718081374136,
000000000000000002e7,161,NOR,560.2361755136808,
000000000000000003b7,368,NOR,294.3652530269121,
000000000000000003ca,387,NOR,17.952941062951222,
000000000000000003ef,424,NOR,282.2599818440773,
00000000000000000424,477,NOR,121.02220638994032,
000000000000000004ab,1186,NOR,582.4024998796158,
00000000000000000018,611,NPL,22186.504861222173,
000000000000000000e3,810,NPL,22367.30794101591,
000000000000000000e4,810,PAK,91.74328503237716,
0000000000000000005d,680,PER,11880.095031662851,
0000000000000000001a,613,POL,2042.956412745317,
0000000000000000002e,633,POL,392.04925793937895,
00000000000000000032,637,POL,1861.8741415874829,
00000000000000000069,692,POL,2052.6574745721805,
00000000000000000162,934,POL,475.6294710946258,
00000000000000000171,949,POL,1741.1533051959066,
000000000000000001b3,1015,POL,760.3934089256053,
00000000000000000228,1132,POL,200.21109788955928,
00000000000000000230,1140,POL,1163.2009474445647,
0000000000000000023b,1151,POL,480.3078734793104,
0000000000000000031e,215,POL,1050.637815912839,
0000000000000000039e,343,POL,773.2357399513554,
00000000000000000401,442,POL,1546.9840213650505,
00000000000000000402,443,POL,1382.5047928239464,
00000000000000000410,457,POL,44.65142777303071,
000000000000000004a4,1179,POL,734.0636583187872,
000000000000000004eb,1250,POL,4413.816207724135,
000000000000000004f9,1264,POL,242.8833502534741,
000000000000000004fb,1266,POL,1494.7413508258353,
00000000000000000053,670,PRT,96.27482369253201,
00000000000000000063,686,PRT,2286.03897484146,
0000000000000000016e,946,PRT,2707.3421600139136,
000000000000000001d5,1049,PRT,42.247551912217645,
000000000000000001f1,1077,PRT,17.89144516276317,
000000000000000002bf,121,PRT,176.67265215930703,
00000000000000000303,188,PRT,836.6822468593092,
0000000000000000033d,246,PRT,16.364051097683483,
00000000000000000381,314,PRT,473.81632905326677,
000000000000000003d9,402,PRT,11.453136725691627,
000000000000000003de,407,PRT,177.27112046926496,
00000000000000000470,553,PRT,603.2777642066092,
00000000000000000471,554,PRT,140.4343232899762,
000000000000000004d6,1229,PRT,78.21456965036089,
000000000000000004dc,1235,PRT,122.7572977983584,
000000000000000004e3,1242,PRT,63.6891353520475,
00000000000000000097,738,ROU,301.60202190249163,
000000000000000000da,805,ROU,421.1659404321698,
000000000000000000f5,825,ROU,189.37344122094842,
00000000000000000173,951,ROU,783.341640001674,
000000000000000001e4,1064,ROU,79.7371450016745,
000000000000000001fa,1086,ROU,33.34645802924868,
00000000000000000225,1129,ROU,345.7505450546032,
0000000000000000023f,1155,ROU,36.697569591902905,
0000000000000000026c,38,ROU,142.69407062981355,
0000000000000000029b,85,ROU,149.27258609378964,
0000000000000000029f,89,ROU,632.6394479406556,
000000000000000002c3,125,ROU,235.84699948884784,
000000000000000002f1,170,ROU,44.511661167685574,
00000000000000000304,189,ROU,570.9613696557709,
00000000000000000307,192,ROU,702.3710855157915,
00000000000000000312,203,ROU,5932.331796600062,
0000000000000000032c,229,ROU,11806.965128261534,
00000000000000000337,240,ROU,83.32289025288215,
0000000000000000037f,312,ROU,134.53804401593197,
00000000000000000389,322,ROU,1185.8703091805253,
000000000000000003b2,363,ROU,818.6370562187103,
000000000000000003f6,431,ROU,449.10323502741613,
0000000000000000040d,454,ROU,353.3669517609936,
00000000000000000412,459,ROU,95.3106036580076,
00000000000000000467,544,ROU,221.78012053394815,
0000000000000000046c,549,ROU,39.98367000256593,
0000000000000000046d,550,ROU,945.6159391186445,
0000000000000000046f,552,ROU,4448.576518519283,
00000000000000000499,1169,ROU,901.697148744634,
000000000000000004af,1190,ROU,41.78367665260407,
000000000000000004c0,1207,ROU,345.6173165334502,
000000000000000000d1,796,RUS,12475.53163294018,
000000000000000003ae,359,SAU,1106.8417176836351,
0000000000000000010a,846,SRB,822.4316691824985,
00000000000000000417,464,SRB,3008.9373718801107,
0000000000000000002d,632,SVK,81.96316940926518,
0000000000000000010b,847,SVK,322.5116207521382,
00000000000000000175,953,SVK,390.92586665442167,
000000000000000002d1,139,SVK,43.811998243722925,
00000000000000000308,193,SVK,1082.6498840467716,
000000000000000004a6,1181,SVK,49.92230749474528,
000000000000000004aa,1185,SVK,203.67544442415607,
0000000000000000050e,1285,SVK,57.837123505971036,
00000000000000000204,1096,SWE,581.8687539715429,
0000000000000000021f,1123,SWE,3886.0469455786033,
000000000000000004c9,1216,SWE,4.324136754699379,
000000000000000004ca,1217,SWE,187.94021119201585,
00000000000000000041,652,THA,83.94621426041886,
000000000000000000ea,814,THA,542.5497686946852,
000000000000000000ec,816,THA,53.906211330602815,
0000000000000000010d,849,THA,10062.71036582236,
00000000000000000193,983,THA,443.90457536960304,
000000000000000001c3,1031,THA,7152.854308008568,
000000000000000001c4,1032,THA,3129.8709744155676,
000000000000000001db,1055,THA,373.5820188635744,
00000000000000000209,1101,THA,403.5778008212936,
000000000000000002d0,138,THA,16120.985717649764,
0000000000000000035b,276,THA,237.99758548686592,
0000000000000000036c,293,THA,1229.6494308660647,
0000000000000000036d,294,THA,139.84579328326183,
00000000000000000374,301,THA,1032.3766452196533,
00000000000000000013,606,TUR,140.8073953731009,
00000000000000000017,610,TUR,53.5155583805829,
00000000000000000024,623,TUR,28.57090119442776,
00000000000000000028,627,TUR,559.830394043506,
0000000000000000012c,880,TUR,226.20126636433355,
000000000000000001bb,1023,TUR,849.8927337640299,
000000000000000001c2,1030,TUR,1283.3596584813956,
000000000000000001ff,1091,TUR,48.48341907996926,
00000000000000000201,1093,TUR,153.8878995824842,
0000000000000000023e,1154,TUR,233.52968006138238,
00000000000000000254,14,TUR,429.150651077583,
00000000000000000259,19,TUR,59.80914929961085,
0000000000000000027e,56,TUR,74.25903863724788,
00000000000000000292,76,TUR,3023.9316267490776,
000000000000000002cd,135,TUR,173.63564281922834,
0000000000000000031b,212,TUR,3514.3882655117,
00000000000000000331,234,TUR,49.88992888453977,
00000000000000000392,331,TUR,137.55370461342144,
000000000000000003c2,379,TUR,46.88768716652477,
000000000000000003ce,391,TUR,149.30464959072611,
00000000000000000483,572,TUR,19853.56256978068,
00000000000000000484,573,TUR,4825.187209721955,
0000000000000000049e,1174,TUR,69.58208180218548,
000000000000000004a5,1180,TUR,1220.3989244422137,
00000000000000000501,1272,TUR,514.6512564564895,
00000000000000000510,1287,TUR,333.1698319148217,
00000000000000000012,605,TWN,3729.8621328825143,
00000000000000000111,853,TWN,12121.71932310646,
00000000000000000231,1141,TWN,,
00000000000000000355,270,TWN,3194.201878390222,
00000000000000000376,303,TWN,1364.924348457623,
0000000000000000045d,534,TWN,45.148298097082744,
00000000000000000505,1276,TWN,928.8675877118051,
0000000000000000050a,1281,TWN,557.8261099283912,
0000000000000000056c,1379,TWN,263.4366074295558,
0000000000000000058b,1410,TWN,438.65445046200983,
000000000000000005a4,1435,TWN,928.7201795959794,
000000000000000005aa,1441,TWN,233.4440143395426,
000000000000000005c3,1466,TWN,1443.5744535196447,
000000000000000005d9,1488,TWN,12800.074238024998,
000000000000000005db,1490,TWN,1758.8505022240936,
000000000000000005f4,1515,TWN,4098.003440830704,
00000000000000000623,1562,TWN,808.912338086979,
00000000000000000644,1595,TWN,5687.160944622929,
00000000000000000645,1596,TWN,12596.268312325528,
00000000000000000646,1597,TWN,1138.2742508471079,
00000000000000000647,1598,TWN,39.73849871082421,
0000000000000000064b,1602,TWN,531.4909428574862,
0000000000000000069a,1681,TWN,400.21023760629384,
000000000000000006a1,1688,TWN,6380.917589339041,
00000000000000000011,604,USA,1012.4411838862354,
0000000000000000001c,615,USA,11.54202820471548,
0000000000000000001f,618,USA,0.6678503378692632,
00000000000000000021,620,USA,165.56704085652441,
00000000000000000022,621,USA,1299.5429005567598,
00000000000000000023,622,USA,192.41024250823878,
00000000000000000026,625,USA,126.83456466779998,
00000000000000000027,626,USA,284.60364548459114,
0000000000000000003a,645,USA,10.806147960108634,
0000000000000000003c,647,USA,17.743702310429015,
0000000000000000003e,649,USA,0.035667006722184265,
0000000000000000003f,650,USA,36.801134621750066,
00000000000000000040,651,USA,686.5483757590958,
00000000000000000042,653,USA,438.5701198569757,
00000000000000000046,657,USA,0.5077784130896011,
00000000000000000048,659,USA,386.2404079093539,
0000000000000000004a,661,USA,3151.8444910354256,
0000000000000000004b,662,USA,9.360956525421457,
0000000000000000004e,665,USA,27.234176982416244,
00000000000000000055,672,USA,106.6992118021839,
00000000000000000056,673,USA,668.0651194120893,
00000000000000000060,683,USA,0.012796730194907291,
00000000000000000062,685,USA,20.414552286933013,
00000000000000000064,687,USA,608.8053420724266,
00000000000000000072,701,USA,4026.6217268065143,
00000000000000000073,702,USA,3667.8209895487885,
00000000000000000075,704,USA,1332.6742173249936,
00000000000000000080,715,USA,288.47295613569804,
00000000000000000082,717,USA,294.4740755427244,
00000000000000000083,718,USA,3.8563890917823582,
0000000000000000008f,730,USA,108.20354439009247,
0000000000000000009b,742,USA,0.9531127986887314,
0000000000000000009c,743,USA,2.959643549157133,
0000000000000000009e,745,USA,31.073105704228073,
0000000000000000009f,746,USA,,
000000000000000000a2,749,USA,0.0,
000000000000000000a4,751,USA,355.6351047887702,
000000000000000000a9,756,USA,137.89705100792395,
000000000000000000ad,760,USA,1075.1046795516588,
000000000000000000b1,764,USA,3142.648225357609,
000000000000000000b2,765,USA,2073.6474480034904,
000000000000000000b3,766,USA,203.3732208397707,
000000000000000000b4,767,USA,241.50303398447065,
000000000000000000b7,770,USA,1190.5299045690258,
000000000000000000b8,771,USA,899.2524789848771,
000000000000000000bc,775,USA,1292.245347558703,
000000000000000000bd,776,USA,2.017854587075296,
000000000000000000c1,780,USA,648.7873595487491,
000000000000000000c4,783,USA,677.3367831647632,
000000000000000000c7,786,USA,2.7660536039909127,
000000000000000000c8,787,USA,20.90067497684609,
000000000000000000c9,788,USA,156.58189434515532,
000000000000000000ca,789,USA,27.365466912413908,
000000000000000000cf,794,USA,10.308914401898985,
000000000000000000d4,799,USA,32.209442617924424,
000000000000000000d6,801,USA,0.3570829998830529,
000000000000000000e5,810,USA,0.7775906382643581,
000000000000000000f1,821,USA,821.6319291369748,
000000000000000000fe,834,USA,868.0065267052267,
000000000000000000ff,835,USA,8.16012733582394E-4,
00000000000000000101,837,USA,4845.647751787788,
0000000000000000011d,865,USA,444.96762580984284,
0000000000000000011e,866,USA,633.8991317879853,
00000000000000000120,868,USA,0.3232347706559417,
00000000000000000121,869,USA,1036.157744296755,
00000000000000000123,871,USA,860.6537309843433,
0000000000000000012d,881,USA,1507.4861333848444,
00000000000000000135,889,USA,44.933129997253246,
00000000000000000137,891,USA,202.1679780358981,
00000000000000000139,893,USA,59.07922462479905,
0000000000000000013d,897,USA,698.8048493308132,
00000000000000000145,905,USA,154.1496879041469,
0000000000000000014e,914,USA,0.7044201619366302,
0000000000000000014f,915,USA,655.7604331152402,
00000000000000000150,916,USA,533.861982983433,
00000000000000000151,917,USA,128.9076972114491,
00000000000000000158,924,USA,4219.198955362111,
00000000000000000159,925,USA,808.3061291631236,
0000000000000000015a,926,USA,1780.797336193806,
00000000000000000161,933,USA,1593.689840691484,
00000000000000000164,936,USA,14.305117172675455,
00000000000000000167,939,USA,497.31022167496496,
0000000000000000016a,942,USA,13.274628096985934,
0000000000000000016c,944,USA,214.20309636104423,
0000000000000000016d,945,USA,1991.0047922513722,
00000000000000000170,948,USA,434.4883233650107,
00000000000000000177,955,USA,926.3955622994679,
00000000000000000178,956,USA,907.7584641771879,
00000000000000000179,957,USA,70.22570135809154,
0000000000000000017f,963,USA,7.380396003128909,
0000000000000000018d,977,USA,1128.7220908999764,
00000000000000000195,985,USA,85.43010892572734,
00000000000000000196,986,USA,33.10580970387909,
0000000000000000019d,993,USA,1103.7906944376402,
000000000000000001a3,999,USA,733.0891377682988,
000000000000000001a7,1003,USA,0.04764743526176219,
000000000000000001a8,1004,USA,559.7761280590436,
000000000000000001a9,1005,USA,40.714229538077824,
000000000000000001aa,1006,USA,0.4753994805486885,
000000000000000001b8,1020,USA,1917.568254794446,
000000000000000001bd,1025,USA,516.523492650064,
000000000000000001bf,1027,USA,113.56661360774923,
000000000000000001c0,1028,USA,1944.9676085122028,
000000000000000001c5,1033,USA,2053.5733578485942,
000000000000000001c6,1034,USA,1721.3965444294452,
000000000000000001c7,1035,USA,1443.3523840963403,
000000000000000001c9,1037,USA,1491.362183936323,
000000000000000001ca,1038,USA,352.5235185867359,
000000000000000001cb,1039,USA,0.3237338232138378,
000000000000000001cd,1041,USA,274.2146801491799,
000000000000000001ce,1042,USA,77.85186996522792,
000000000000000001d2,1046,USA,60.862341609649164,
000000000000000001d4,1048,USA,158.8842862596485,
000000000000000001dd,1057,USA,749.1536937582953,
000000000000000001e8,1068,USA,440.8751831579183,
000000000000000001ea,1070,USA,79.00008993502537,
000000000000000001eb,1071,USA,1310.6460393512464,
000000000000000001f5,1081,USA,243.21169521876803,
000000000000000001f9,1085,USA,148.74176976716538,
00000000000000000203,1095,USA,156.63703901508757,
00000000000000000206,1098,USA,9.317584754650243,
0000000000000000020c,1104,USA,675.1490910387821,
00000000000000000214,1112,USA,969.5505874410202,
00000000000000000215,1113,USA,663.1371521817437,
00000000000000000216,1114,USA,19.04287032357171,
00000000000000000218,1116,USA,1067.4751588472093,
0000000000000000021a,1118,USA,309.48159440274827,
0000000000000000021e,1122,USA,1.4335634285221563,
00000000000000000220,1124,USA,216.64899777617384,
00000000000000000224,1128,USA,0.6851660006960874,
0000000000000000022a,1134,USA,0.5311790708493223,
00000000000000000236,1146,USA,69.34367084724538,
00000000000000000237,1147,USA,1553.2340133186415,
00000000000000000243,1159,USA,233.86280104892484,
0000000000000000024c,7,USA,17.197065507452812,
00000000000000000251,11,USA,3.909013486734197,
00000000000000000253,13,USA,0.28307697170951274,
0000000000000000026a,36,USA,720.9894826249124,
0000000000000000026d,39,USA,91.48510812414693,
0000000000000000026e,40,USA,376.729280996976,
00000000000000000270,42,USA,1508.606652592043,
00000000000000000275,47,USA,977.1827174060895,
0000000000000000028b,69,USA,318.55210893082517,
0000000000000000028c,70,USA,0.0,
0000000000000000028e,72,USA,165.58431197213807,
0000000000000000028f,73,USA,11.068393318815502,
00000000000000000294,78,USA,484.2930448194728,
000000000000000002a1,91,USA,10.213086790709639,
000000000000000002a5,95,USA,91.54907657499038,
000000000000000002a6,96,USA,3.640138663630498,
000000000000000002ac,102,USA,1011.2194476315904,
000000000000000002bc,118,USA,313.32996802321594,
000000000000000002be,120,USA,952.0149673924185,
000000000000000002c0,122,USA,32.21382842661823,
000000000000000002cc,134,USA,208.53909500219328,
000000000000000002cf,137,USA,1965.0561471920141,
000000000000000002db,149,USA,873.8025956120721,
000000000000000002de,152,USA,373.6263902286898,
000000000000000002e3,157,USA,5.599823421296873,
000000000000000002e8,162,USA,75.24123535672972,
000000000000000002ea,163,USA,1.3415349244214227,
000000000000000002f4,173,USA,676.8637750549352,
000000000000000002f5,174,USA,0.001034840079514961,
000000000000000002f8,177,USA,1.424034915670462,
000000000000000002f9,178,USA,838.6928548779143,
000000000000000002fe,183,USA,765.6822184248085,
00000000000000000300,185,USA,251.713379423146,
00000000000000000301,186,USA,2.9190866129266,
0000000000000000030c,197,USA,286.23717339924576,
0000000000000000030f,200,USA,1918.8920079218935,
00000000000000000315,206,USA,152.7971113032874,
0000000000000000031a,211,USA,138.1338667665616,
0000000000000000031c,213,USA,401.13832442556395,
0000000000000000031d,214,USA,0.0019247023573674858,
0000000000000000031f,216,USA,133.11218044946136,
00000000000000000335,238,USA,610.0354109926564,
00000000000000000336,239,USA,803.9619439332671,
0000000000000000033b,244,USA,243.7853699947958,
00000000000000000353,268,USA,331.0053483469433,
0000000000000000035d,278,USA,473.84510373519703,
00000000000000000363,284,USA,192.61991486744017,
00000000000000000364,285,USA,1422.646513705585,
00000000000000000365,286,USA,647.0485853856798,
00000000000000000366,287,USA,29.213915810061383,
0000000000000000036b,292,USA,71.45422833865017,
0000000000000000036e,295,USA,3182.9094350146615,
00000000000000000378,305,USA,1123.0881176115365,
0000000000000000037c,309,USA,0.0,
0000000000000000037d,310,USA,1430.045568562387,
0000000000000000037e,311,USA,123.96181435060151,
00000000000000000383,316,USA,733.6282897097144,
00000000000000000384,317,USA,22.993467003764348,
00000000000000000385,318,USA,9.690566555157952,
00000000000000000386,319,USA,18.55197014243387,
0000000000000000038a,323,USA,4.536698156937404,
0000000000000000038f,328,USA,308.10473057243786,
000000000000000003a1,346,USA,1163.243400915532,
000000000000000003a4,349,USA,714.6456884770644,
000000000000000003a5,350,USA,510.4055961731329,
000000000000000003a7,352,USA,747.7128903642229,
000000000000000003a9,354,USA,2056.320860993036,
000000000000000003aa,355,USA,647.1054481620172,
000000000000000003ab,356,USA,1806.2876370798858,
000000000000000003b6,367,USA,1.270075561983218,
000000000000000003bc,373,USA,29.742551986034446,
000000000000000003bd,374,USA,13.086246730491,
000000000000000003bf,376,USA,12.713679858187838,
000000000000000003c1,378,USA,767.6239117086235,
000000000000000003c7,384,USA,128.86349865386015,
000000000000000003c8,385,USA,2451.9910212016493,
000000000000000003cc,389,USA,1546.5080518948046,
000000000000000003d1,394,USA,0.325739209346882,
000000000000000003d5,398,USA,85.83393335309098,
000000000000000003d8,401,USA,477.1050540504605,
000000000000000003db,404,USA,132.64636256878154,
000000000000000003dd,406,USA,117.6219488630986,
000000000000000003e0,409,USA,358.67080901799795,
000000000000000003e6,415,USA,0.0023663994550850035,
000000000000000003e8,417,USA,211.8428410934601,
000000000000000003ec,421,USA,16.16325412129031,
000000000000000003ed,422,USA,508.0274566677896,
000000000000000003ee,423,USA,5.700185181300767,
000000000000000003f1,426,USA,670.5854909483214,
000000000000000003f2,427,USA,16.264721714669115,
000000000000000003f4,429,USA,5.096195961214312,
000000000000000003f7,432,USA,0.1918682530574123,
000000000000000003fd,438,USA,0.0051895802912573325,
00000000000000000400,441,USA,0.7253154766843654,
00000000000000000406,447,USA,52.133241129840464,
00000000000000000409,450,USA,3.438209161770488,
0000000000000000041a,467,USA,3.648659473420737,
0000000000000000041b,468,USA,239.61633117778854,
0000000000000000041d,470,USA,0.0024779960636066335,
0000000000000000041e,471,USA,157.01317978231012,
00000000000000000420,473,USA,25.09487539805422,
00000000000000000421,474,USA,18.237959185077976,
00000000000000000422,475,USA,247.34611722861672,
00000000000000000423,476,USA,20.26772124547111,
0000000000000000042d,486,USA,153.57907270475144,
00000000000000000436,495,USA,150.24062098200054,
0000000000000000043c,501,USA,17.434752622115926,
0000000000000000043f,504,USA,870.8108383818768,
00000000000000000440,505,USA,1039.2784317081637,
0000000000000000044c,517,USA,95.68302986547306,
00000000000000000453,524,USA,300.58570039874104,
00000000000000000454,525,USA,0.008714532332741857,
00000000000000000457,528,USA,1749.690466556115,
00000000000000000458,529,USA,1447.2973053473547,
00000000000000000466,543,USA,218.39392120504428,
00000000000000000469,546,USA,173.8179475132286,
0000000000000000046e,551,USA,1.456857774845154,
00000000000000000479,562,USA,1249.6912987559722,
00000000000000000480,569,USA,0.0083161112987868,
00000000000000000486,575,USA,20.628323567444323,
00000000000000000487,576,USA,0.0049720671594223305,
00000000000000000488,577,USA,1031.710138230993,
00000000000000000490,585,USA,0.22845129039300482,
000000000000000004a0,1175,USA,244.03026554400074,
000000000000000004a8,1183,USA,569.2285320323363,
000000000000000004ac,1187,USA,0.7177986129154109,
000000000000000004ad,1188,USA,1444.1869999710204,
000000000000000004ae,1189,USA,72.6813946625848,
000000000000000004b0,1191,USA,761.5563881211739,
000000000000000004b3,1194,USA,3.39099190259582,
000000000000000004c4,1211,USA,433.95128985183607,
000000000000000004e0,1239,USA,706.9225410963952,
000000000000000004e2,1241,USA,44.92849771672951,
000000000000000004ec,1251,USA,17.978795620934292,
000000000000000004ed,1252,USA,3046.9956954520508,
000000000000000004ee,1253,USA,1673.083461072426,
000000000000000004ef,1254,USA,219.2990754282525,
000000000000000004f4,1259,USA,52.81269379638793,
000000000000000004f5,1260,USA,909.3561440630912,
000000000000000004f7,1262,USA,21.29692307202363,
000000000000000004f8,1263,USA,691.0282088156947,
000000000000000004fa,1265,USA,600.0006681544958,
000000000000000004ff,1270,USA,78.0607361760451,
00000000000000000500,1271,USA,54.160107171220815,
00000000000000000508,1279,USA,293.05605411092176,
00000000000000000509,1280,USA,192.75351901773666,
000000000000000000e6,810,VNM,64.47855675398414,
