SHEET,CHAIN,CO_OWNED,STATE,SOUTHJ,CENTRALJ,NORTHJ,PA1,PA2,SHORE,NCALLS,EMPFT,EMPPT,NMGRS,WAGE_ST,INCTIME,FIRSTINC,BONUS,PCTAFF,MEALS,OPEN,HRSOPEN,PSODA,PFRY,PENTREE,NREGS,NREGS11,TYPE2,STATUS2,DATE2,NCALLS2,EMPFT2,EMPPT2,NMGRS2,WAGE_ST2,INCTIME2,FIRSTIN2,SPECIAL2,MEALS2,OPEN2R,HRSOPEN2,PSODA2,PFRY2,PENTREE2,NREGS2,NREGS112
46,1,0,0,0,0,0,1,0,0,0,30,15,3,,19,,1,,2,6.5,16.5,1.03,1.03,0.52,3,3,1,1,111792,1,3.5,35,3,4.3,26,0.08,1,2,6.5,16.5,1.03,,0.94,4,4
101,3,0,1,0,1,0,0,0,1,3,4.5,15,3,4.75,26,0.15,0,80,2,7,15,1.2,1.18,1.06,6,4,1,1,111392,,10,12,3,5.05,26,0.15,0,2,7,15,1.15,1.1,1.05,8,3
102,3,0,1,1,0,0,0,0,0,2,12,13,3,4.4,52,0.2,0,15,2,7,16,1.06,0.91,1.07,6,4,1,1,111392,,0,27,2,5.05,52,0.25,0,2,7,15,1.07,1.01,1.05,5,5
103,4,0,1,0,0,1,0,0,0,2,12.5,10,3,5,26,0.27,0,50,2,10.5,11.5,0.91,0.85,0.95,2,2,1,1,111492,2,,,2,5.05,13,,0,2,10.5,12.5,1.05,0.84,1.26,2,2
104,4,0,1,0,1,0,0,0,1,0,40,20,3,4.62,4,0.32,1,50,2,10.5,11.5,0.95,0.84,0.94,2,2,1,1,111492,1,11,10,3,5.05,26,0.08,1,2,10.5,12.5,1,0.84,0.94,2,2
105,1,0,1,0,0,1,0,0,0,2,0,40,4,4.25,10,,0,50,2,6.5,16.5,0.96,1,1.03,4,2,1,1,111092,,0,45,4,5.05,13,0.25,0,2,6.5,16.5,1.05,0.99,1.16,4,3
106,1,0,1,0,0,1,0,0,0,0,0,35,3,4.25,26,0.27,0,65,3,7,16,1.06,0.95,0.95,2,1,1,1,111092,,2,25,3,5.05,26,0.2,0,0,7,16,1.05,0.95,0.95,2,2
107,1,1,1,0,0,1,0,0,0,0,6,11,3,4.25,8,0.32,0,40,1,8,14.5,1.17,0.95,0.95,3,3,2,1,123092,9,13.5,10,2,5.05,,,0,1,8,14,,1.01,1,4,2
108,1,0,1,0,0,1,0,0,0,2,13.5,15,4,4.25,26,0.37,1,6,1,7,17,1.27,1.01,1.06,3,3,1,1,111692,,11,24,5,5.05,26,0.15,0,1,7,17,1.37,1.02,1.05,3,3
111,3,0,1,0,0,1,0,0,0,0,17,14,3,4.25,2,0.42,0,55,3,7,16,1.17,1.06,1.01,5,5,1,1,111892,1,20,14.5,3,5.05,26,,0,2,7,16,1.16,1.16,1,5,4
112,4,0,1,0,0,1,0,0,0,0,4,26,3,5,13,0.2,0,80,2,10,14,1.06,0.98,1.06,2,2,2,1,121392,9,5,25,6,5.05,28,0.18,0,2,10.5,12.5,1.11,1.09,2.07,,
113,1,0,1,0,1,0,0,0,0,0,0,22,4,,,,1,,2,7,16,1.06,0.95,1,4,,1,1,111092,,2,40,5,5.05,26,0.28,1,2,7,16,1.05,0.9,0.98,3,2
114,1,0,1,0,1,0,0,0,0,2,0,35,5,4.75,26,0.57,1,50,2,7,16,1.07,0.95,0.95,3,,1,1,111792,1,20,40,4,5.25,26,0.25,0,2,6.5,16.5,1.11,0.94,0.94,3,3
115,1,0,1,0,1,0,0,0,0,0,20,25,4,4.75,4,0.3,0,25,1,7,17,1.06,0.95,1.06,4,3,1,1,111092,,6,15,4,5.05,,,,1,7,17,1.05,0.95,1.01,4,4
116,1,0,1,0,1,0,0,0,0,0,4,22.5,2,4.25,18,0.37,0,90,2,8.5,13,1.49,1.02,1.11,7,3,1,1,111092,,22,12,3,5.05,13,0.45,1,2,8.5,13,1.39,0.95,1.21,8,2
118,1,0,1,0,0,1,0,0,0,3,10,15,4,4.25,26,0.15,0,70,2,7,15,1.06,0.95,1.01,4,2,1,1,111692,,18,20,3,5.05,26,0.38,0,2,7,15,1.05,0.94,1,4,2
119,1,0,1,0,0,1,0,0,0,2,12,19,3,4.75,13,0.27,1,50,3,6.5,16.5,1.06,0.91,0.95,3,3,1,1,111692,1,18,13,4,5.05,26,,0,3,6.5,17.5,1.05,0.89,0.95,3,3
120,1,1,1,0,1,0,0,0,0,3,0,32,3,4.5,,,0,,2,7,16,1.13,0.98,1.04,3,2,1,1,111992,3,0,30,4,5.05,,,0,2,7,16,1.05,1.05,1.05,3,2
122,1,0,1,0,0,1,0,0,0,0,1,38,5,4.25,4,0.2,0,70,1,9,12.5,,1.12,1.12,5,3,1,1,111092,,10,50,6,5.05,26,0.1,0,1,9,12.5,1.15,0.94,1.15,6,4
123,1,0,1,0,1,0,0,0,0,0,0,20,5,,13,,0,28,2,7,14.5,1.06,0.95,1.01,2,1,1,1,111092,,5,25,4,5.05,26,0.15,0,3,7.5,14,1.05,0.94,1,3,2
124,1,0,1,0,1,0,0,0,0,1,8,10,3,4.25,13,0.25,0,14,2,8,15,1.06,0.91,1.04,2,2,1,1,111092,,21,6,4,5.05,13,0.5,1,3,7,15,1.16,0.94,1.12,2,2
125,2,0,1,0,1,0,0,0,0,0,15,0,4,4.5,26,0.25,0,100,1,10,12.5,0.91,0.85,2.34,3,2,1,1,111492,,0,15,2,5.05,52,0.4,0,1,10,12,1.01,1.01,2.49,4,3
128,2,1,1,0,1,0,0,0,0,3,6.5,7.5,2,5,,0.15,0,,2,11,11,1.06,0.85,2.34,4,2,1,1,111492,1,3,16,2,5.05,26,0.25,0,1,11,11,1.05,0.79,2.32,3,2
129,3,0,1,0,1,0,0,0,0,3,20,20,3,5.25,26,0.05,0,0,2,6,16,1.1,1,0.74,6,4,1,1,111392,,7,18,4,5.05,52,0.25,0,2,6,16,1.11,1,0.89,4,3
130,3,1,1,0,1,0,0,0,0,2,7,25.5,3,4.5,19,0.3,0,15,2,5,18,1.12,1.07,1,4,3,2,1,122192,6,2,38,4,5.05,4,0.15,0,2,7,16,1.11,1.06,1.05,5,3
131,3,0,1,0,1,0,0,0,0,2,15,25,4,5.5,4,0.37,1,10,2,6,17,1.06,1.06,1.06,5,2,2,1,121692,2,8,22,3,5.05,,,0,2,7,15,1.05,1.11,1.05,5,4
132,3,1,1,0,1,0,0,0,0,0,20,20,5,4.5,26,0.25,0,80,2,0,24,1.28,1.06,2.3,5,3,1,1,111692,,15,20,3,5.5,52,0.25,0,2,7,14,,,,2,2
133,3,1,1,0,1,0,0,0,0,0,6,16,2,4.75,26,,0,99,2,6,17,1.12,1.07,1.06,4,3,1,1,111392,,3,20,3,5.05,26,,0,2,7,15,1.11,1.06,2.11,5,3
134,3,0,1,0,1,0,0,0,0,2,5.5,25,3,4.62,,,0,42,2,6,16,1.09,,0.95,4,3,1,1,111392,,6,27.5,3,5.05,52,0.25,0,2,6,16,1.11,1.06,0.94,4,3
135,3,0,1,0,1,0,0,0,0,0,10,20,4,,26,,0,,0,9,12.5,,,,5,3,1,1,111692,,8,24,3,5.05,,0.25,0,2,10,11.5,1.16,1.06,1.05,5,3
136,3,1,1,0,1,0,0,0,0,2,14.5,14.5,5,4.25,21,0.27,0,5,2,6,17,1.12,1.07,1.1,5,4,2,0,121692,3,,,,,,,,,7,16,,,,,
137,3,1,1,0,0,1,0,0,0,3,15,25,3,4.25,26,0.15,0,50,2,6,16,1.12,1.06,1.02,6,4,1,1,111692,1,12,30,5,5.05,26,0.25,0,2,7,15,1.11,1.11,1.05,5,3
138,3,1,1,0,0,1,0,0,0,0,4.5,25.5,2,,,,1,,2,10,11.5,1.12,1.07,1.06,6,,1,1,111692,,2,33,3,5.05,26,0.2,0,2,10,11.5,1.21,1.01,0.94,6,4
139,4,0,1,0,1,0,0,0,0,0,,,2,5.5,,,0,,2,10.5,12.5,0.95,0.95,1.06,2,1,1,1,111492,,11,25,5,5.5,19,0.25,1,2,11,12,,,,,
140,4,0,1,0,1,0,0,0,0,0,0,40,3,4.5,26,0.37,1,25,2,10.5,11.5,0.91,0.86,1.06,2,2,1,1,111492,,5,35,5,5.67,4,0.25,1,2,10.5,11.5,1,0.94,1.05,2,2
141,4,0,1,0,1,0,0,0,0,0,10,15,4,4.75,13,0.27,1,,2,10.5,12.5,1.02,0.91,1.06,2,2,1,1,111892,2,10,25,3,5.05,13,0.18,1,2,10.5,12.5,1.05,0.84,1.34,2,2
142,4,0,1,0,0,1,0,0,0,0,15,35,4,4.25,26,0.15,1,,2,10,11.5,1.06,0.95,1.06,2,2,1,1,111492,,40,31,5,5.05,26,0.18,0,2,10,11.5,1.01,0.89,1.26,2,2
143,4,0,1,0,1,0,0,0,0,3,0,30,3,5.37,26,0.25,1,15,2,10.5,11.5,0.95,0.95,1.06,2,2,2,4,121692,2,,,,,,,,,,,,,,,
144,4,0,1,0,1,0,0,0,0,2,10,30,3,5.05,26,0.15,1,0,2,10.5,12.5,0.91,0.85,1.06,2,2,1,1,111792,1,4,37,3,5.05,26,0.35,1,2,10.5,12.5,0.94,0.94,1.26,2,2
145,1,0,1,0,0,1,0,0,0,0,5,17,3,5,13,0.15,1,0,2,7,16,1.06,0.95,0.95,3,2,1,1,111092,,10,8,4,5.28,26,0.13,1,2,7,16,1.05,0.96,0.95,3,2
146,1,0,1,0,0,1,0,0,0,3,8,20,5,4.8,26,0.25,1,,2,7,16,1.06,1,1.06,4,3,1,1,111092,,0,32,4.5,5.05,26,0.17,0,2,7,16,1.05,0.99,1.05,4,3
147,1,0,1,0,0,1,0,0,0,0,8.5,6.5,3,5.12,8,0.25,0,100,2,7,14,1.12,0.89,0.95,2,2,1,1,111892,1,6,0,3,5.25,13,0.38,0,2,7,14,1.13,0.91,0.91,2,2
148,1,0,1,0,0,1,0,0,0,4,4.5,30,4,5.25,26,0.17,1,0,2,7,17,1.06,0.95,0.95,3,2,1,1,111092,,7.5,30,4,5.05,26,0.2,1,2,7,17,1.05,0.94,0.94,3,3
149,1,0,1,0,0,1,0,0,0,1,0,20,4,4.5,26,0.27,0,50,3,7,16,1.06,0.95,0.95,2,1,1,1,111092,,8,10,3,5.05,26,0.25,0,2,7,16,1.05,0.94,0.94,2,2
150,1,0,1,0,0,1,0,0,0,2,0,27.5,3.5,4.67,26,0.27,1,2,2,7,16,1.23,0.89,0.89,3,3,2,1,123192,8,12,20,3,5.75,28,0.58,0,2,7,15,1.11,0.88,0.88,3,2
151,1,0,1,0,0,1,0,0,0,0,1,12,3,5,12,0.1,0,92,2,7,15,1.09,0.81,1.04,3,3,2,3,123092,2,0,0,0,,,,,,,,,,,,
152,1,0,1,0,0,1,0,0,0,0,35,15,4,5.12,9,0.67,1,10,1,7,15,1.17,0.95,1.02,3,2,1,1,111092,,12,13.5,5,5.05,13,0.28,0,2,7,15,1.16,0.94,0.94,3,3
153,1,0,1,0,0,1,0,0,0,0,0,25,9,,52,0.15,0,33,1,7,17,1,0.95,0.89,4,3,1,1,111092,,26.5,10,3,5.05,26,0.15,0,2,7,17,1.05,0.95,0.95,3,2
156,1,0,1,0,0,1,0,0,0,0,8,15,3,4.87,6,0.25,0,0,1,7,15,1.06,0.95,1.02,8,3,1,1,111092,,2,18,2,5.05,,0.3,0,2,7,15,0.95,0.94,1.01,3,
157,2,0,1,0,0,1,0,0,0,0,10,5,3,5,26,0.25,0,0,1,10.5,12,0.91,0.85,2.34,3,3,1,1,111792,2,12,8,2,5.5,26,0.25,0,1,10.5,11,0.95,0.83,2.47,2,2
158,2,0,1,0,0,1,0,0,0,1,2,7,3,4.5,4,0.12,0,55,1,11,10,0.92,0.7,2.34,3,3,1,1,111192,,3,4,4,5.05,13,0.25,0,1,11,11.5,0.95,0.94,2.49,3,2
159,2,0,1,0,0,1,0,0,0,8,6,12,2,4.5,4,0.12,0,22,1,10.5,10.5,0.98,0.85,2.34,3,3,1,1,111492,,10,5,4,5.25,13,0.25,0,1,10.5,11.5,0.95,0.84,2.49,4,3
161,3,1,1,0,0,1,0,0,0,0,8,25,4,5,19,0.15,0,2,2,6,17,1.12,1.02,1.06,7,3,1,1,111992,4,26,12,4,5.05,,,0,2,6,17,1.11,1.06,1.05,7,5
162,3,1,1,0,0,1,0,0,0,2,0,40,3,4.75,26,0.17,0,45,2,6,16.5,1.12,1.02,1.06,,1,1,1,111292,,3,30,3,5.05,26,0.18,0,2,7,15.5,1.11,1.01,1.05,6,5
163,3,1,1,0,0,1,0,0,0,0,12,18,3,5,13,0.15,0,11,2,6,16.5,1.2,1.07,1.06,3,3,1,1,111292,,1.5,33,3,5.05,26,0.15,0,2,7,15,,,,,
164,3,1,1,0,0,1,0,0,0,0,4,30,4,5,26,0.1,0,3,2,5,19,1.12,1.02,1.06,5,3,1,1,111292,,5,15,3,5.05,52,0.15,0,2,6,17,1.11,1.06,1.05,5,3
165,4,0,1,0,0,1,0,0,0,1,20,10,3,5,15,0.27,1,60,2,10.5,12.5,1.06,0.89,1.06,3,2,1,1,111792,1,10,17,4,5.05,14,0.13,0,2,10.5,12.5,1.05,0.98,1.05,2,2
166,4,0,1,0,0,1,0,0,0,0,8,32,5,4.75,26,0.25,1,40,2,10.5,11.5,0.95,0.85,1.06,2,2,1,1,111392,1,0,35,4,5.05,26,0.18,0,2,10.5,12.5,1.11,0.84,1.26,2,2
168,1,0,1,0,0,1,0,0,0,0,5,20,4,4.25,4,0.25,1,50,1,7,15,1.06,0.95,0.95,3,3,1,1,111692,,0,32,4,5.25,10,0.18,0,1,6,16,1.11,0.95,1.14,3,1
169,1,1,1,0,0,1,0,0,0,0,12,33,4,5,13,0.25,0,50,2,7,16,1.1,0.94,1.04,3,3,1,1,111692,,20,6,4,5.05,52,0.15,0,2,7,16,1.11,1.05,1.05,3,3
170,1,1,1,0,0,1,0,0,0,1,10,20,3,5,52,0.52,0,0,2,7,16,1.1,1.02,1.08,3,2,1,1,111092,,20,20,4,5.05,4,,0,1,7,16,1.29,1.11,1.18,4,4
171,1,1,1,0,0,1,0,0,1,0,2,32,3,4.25,8,0.25,0,,2,7,16,1.09,0.95,1.04,3,3,1,1,111092,,10,12.5,5,5.05,4,0.1,1,2,7,16,1.18,1.04,1.03,3,3
172,1,0,1,0,0,1,0,0,0,0,0,24,5,4.75,13,0.25,0,0.3,1,9,12.5,1.12,1.02,1.06,5,4,1,1,111692,2,7,23,3,5.05,8,0.18,0,1,9,13,1.11,1.01,1.05,6,3
173,1,0,1,0,0,1,0,0,0,3,6,40,10,4.85,26,0.15,0,50,2,6.5,17.5,1.06,0.95,0.98,4,3,1,1,111792,1,11,30,5,5.05,26,0.15,0,2,6,18,1.05,0.94,1.04,4,3
174,1,0,1,0,0,1,0,0,1,2,11,20,4,4.75,26,0.15,0,50,2,7,16,1.18,0.88,0.98,4,3,1,1,111092,,20,20,3,5.05,4,0.2,0,2,7,16,1.05,0.9,0.98,3,3
176,1,0,1,0,0,1,0,0,0,0,15,21,4,4.62,13,0.12,0,20,1,7,16,1.06,,1.05,4,4,1,1,111792,1,20,27.5,4,5.05,,,0,2,7,16,1.04,1.06,,,
178,2,1,1,0,0,1,0,0,1,0,13,12,3,4.25,52,0.2,1,96,1,11,10,0.91,0.85,2.34,3,2,1,1,111191,,1,10,3,5.05,26,0.25,1,1,11,10.5,1.01,0.94,2.64,3,2
179,2,0,1,0,0,1,0,0,0,2,2,12,3,4.25,13,0.25,1,90,1,10.5,10.5,0.91,0.91,2.34,3,3,1,1,111892,3,2,10,4,5.05,26,0.2,0,1,10.5,11,0.94,0.84,2.49,3,3
180,2,0,1,0,0,1,0,0,1,0,8,3,4,4.5,26,0.25,0,30,2,11,11,1.06,1.01,2.66,4,2,1,1,111192,,0,17.5,4,5.05,,,0,2,11,12,1.05,1.05,2.85,4,4
181,2,0,1,0,0,1,0,0,0,0,0,13,3,,,,0,100,1,10.5,11,0.91,0.79,2.34,3,2,1,1,111192,,1,15,2,5.05,,0.25,0,1,10.5,11,0.95,0.9,2.49,3,2
182,2,0,1,1,0,0,0,0,1,0,3,15,3,4.5,4,0.25,1,100,2,11,11,1.06,1.01,2.66,4,3,1,1,111192,,0,15,3,5.05,26,0.25,0,2,11.5,10,1.05,1,2.73,4,3
183,2,0,1,0,0,1,0,0,0,0,12,4,4,4.62,20,0.33,0,100,3,11,11,1.06,1.01,2.66,4,3,1,1,111892,4,15,10,2,5.05,13,0.25,0,2,11,10.5,1.05,1,2.75,4,3
185,2,0,1,0,1,0,0,0,1,0,2,9,3,4.5,13,0.2,0,100,2,11,10.5,1.06,1.01,2.66,4,4,1,1,111192,,2,6,3,5.05,26,0.25,1,1,11,10.5,1.05,1,2.75,3,3
186,3,0,1,0,0,1,0,0,0,3,10,20,4,4.75,26,0.15,1,50,2,6,16,1.12,1.02,0.95,5,3,1,1,111892,3,12,18,4,5.05,26,,0,2,6,16,1.17,1.06,0.95,5,3
187,3,0,1,0,0,1,0,0,1,0,4,20,3,5.62,26,0.52,0,2,2,7,15,1.12,1.09,1.06,4,3,1,1,111292,,5,17.5,3,5.05,13,0.2,0,2,7,15,1.11,1.06,1.05,4,4
189,3,0,1,0,0,1,0,0,0,0,4,15,3,4.75,39,0.2,0,95,2,7,15,1.12,1.07,1.12,4,2,1,1,111292,,0,19,3,5.05,52,0.2,0,2,7,15,1.11,1.06,1.05,5,3
190,3,1,1,0,0,1,0,0,0,0,5,42,4,5,26,0.12,1,,2,6,16,1.02,1.07,1.06,5,,1,1,111292,,7,30,4,5.05,26,0.18,0,2,7,15,1.05,1.01,1.74,5,3
191,4,0,1,0,0,1,0,0,0,0,30,20,4,,,,0,,2,10.5,12,1.06,0.95,1.06,,1,1,1,111792,1,0,25,4,5.05,6,0.25,1,2,10.5,12,1.02,0.94,1.05,2,2
192,4,0,1,0,0,1,0,0,0,2,20,10,4,4.87,26,0.17,1,10,2,10,12,0.91,0.85,1.06,2,2,1,1,111392,,4.5,30,3,5.25,19,0.18,0,2,10.5,12.5,1.05,0.84,1.26,2,2
193,4,0,1,0,0,1,0,0,1,3,1,13,3,4.5,13,0.12,1,,2,10,11,0.95,0.85,0.99,2,1,1,1,111792,2,4,9,3,5.05,26,0.13,1,2,9,13,1.01,0.9,1.26,2,1
195,4,0,1,0,0,1,0,0,1,3,0,30,3,4.25,26,,1,100,2,10.5,11.5,1.06,0.85,1.06,2,2,1,1,111892,2,8,25,3,5.05,26,0.15,0,2,10.5,12.5,0.94,0.84,2.11,2,2
196,4,1,1,0,0,1,0,0,0,0,8,19,4,5,26,0.2,0,,2,10.5,11.5,0.95,0.85,1.06,2,2,1,1,111392,,0,30,3,5.05,26,0.18,0,2,10.5,12.5,1,0.9,2.11,2,2
197,1,0,1,0,0,1,0,0,0,0,23,10,4,5,26,0.25,0,50,2,7,17,0.99,0.89,0.89,3,2,1,1,111792,1,5,21,5,5.05,26,0.13,0,3,7,17,1.05,0.95,0.95,3,1
198,1,0,1,0,0,1,0,0,0,0,,,4,4.25,4,0.12,1,65,3,7,16,1.06,0.95,0.95,3,3,1,1,111792,8,10,32,4,5.05,26,0.15,0,2,7,16,1.05,0.94,0.94,3,3
199,2,0,1,0,0,1,0,0,0,0,0,12,3,4.35,,0.12,0,25,1,11,10,0.85,0.8,2.34,4,3,1,1,111192,,11,3,4,5.05,2,0.45,,1,11,10.5,0.91,0.9,2.45,4,3
200,1,0,1,0,0,1,0,0,0,0,0,60,3,4.25,9,0.2,1,15,2,6,18,1.06,0.91,0.98,4,3,1,1,111092,,5,40,4,5.05,52,0.25,0,2,6.5,17.5,1.05,0.94,0.98,5,4
201,1,0,1,0,0,1,0,0,0,0,0,33,3,4.5,26,0.35,0,65,2,7,17,1.06,1.02,0.95,3,3,1,1,111092,,16,22,3,5.05,26,0.28,1,1,7,17,1.05,0.95,0.95,3,3
202,1,0,1,0,0,1,0,0,0,2,30,14,4,4.25,4,0.37,1,15,2,6,19,1.17,0.95,0.63,3,3,1,1,111692,,13,11,4,5.05,4,0.08,0,3,6,19,1.15,0.95,0.64,3,3
203,1,0,1,0,0,1,0,0,0,2,9,12,2,4.25,26,0.15,0,50,2,7,17,1.06,0.95,0.95,3,3,1,1,111092,,4,34,3,5.05,26,0.18,0,0,7,17,1.05,0.95,0.95,3,2
204,1,0,1,0,0,1,0,0,0,0,10,8.5,4,4.25,13,0.27,0,31,2,6.5,17.5,1.06,1,1.06,3,3,1,1,111092,,12,13.5,3,5.05,13,0.25,0,2,6.5,17.5,1.05,0.99,1.05,3,2
207,2,1,1,0,0,1,0,0,0,0,8,10,4,4.75,8,0.25,0,25,1,11,12,1.06,0.85,2.34,4,2,1,1,111192,,8.5,6,2,5.2,52,0.5,1,1,11,12,1.05,0.84,2.32,5,3
208,3,1,1,0,0,1,0,0,0,1,12,32,4,4.62,26,0.15,0,95,2,6,17,1.19,0.94,0.85,4,4,1,1,111792,2,5,32,3,5.05,26,,0,2,8,14,1.06,1.06,1.05,5,5
209,3,1,1,0,0,1,0,0,0,0,4,36,4,4.25,26,0.12,0,75,2,6,18,1.17,0.95,0.95,5,5,1,1,111192,,6,37,4,5.05,26,0.2,0,2,7,16,1.11,1.06,1.05,5,5
210,4,1,1,0,0,1,0,0,0,3,0,19,2,4.5,13,0.17,1,90,2,10.5,11.5,1.06,0.95,0.95,4,2,1,1,111392,,0,14,3,5.05,13,0.2,0,2,10,11,,,,4,
211,1,0,1,1,0,0,0,0,0,2,3,28,4,4.5,13,,0,80,2,7,15,1.02,0.95,0.95,3,3,1,1,111692,,2,35,4,5.05,4,,0,2,7,15,,0.9,,3,2
212,1,0,1,1,0,0,0,0,0,0,11,17.5,3,4.5,13,0.17,0,95,1,7,16,1.06,0.88,0.84,3,2,1,1,111092,,20,15,3,5.05,4,0.53,1,2,7,16,1.05,0.94,0.89,2,2
213,1,1,1,1,0,0,0,0,0,1,4.5,20,4,4.55,4,0.15,0,50,2,6.5,17.5,0.96,0.93,0.93,4,3,2,1,121892,2,12,17.5,4,5.05,19,0.15,1,2,6.5,17.5,1.05,0.94,0.94,4,3
214,1,0,1,1,0,0,0,0,0,0,2,30,3,4.62,6.5,0.25,0,75,2,7,16,1.02,0.89,0.91,2,2,1,1,111892,1,0,35,5,5.05,,,0,2,6.75,16.25,1.04,0.93,0.96,3,2
215,1,0,1,1,0,0,0,0,0,0,10,10,3,4.5,13,0.2,0,100,2,7,16,1.06,0.89,0.91,3,3,1,1,111092,,20,10,3,5.05,26,0.15,0,3,7,16,0.93,0.84,0.93,3,3
216,2,0,1,1,0,0,0,0,0,0,2,11,3,4.25,13,0.15,0,100,1,11,10.5,1.06,0.95,2.77,4,3,1,1,111192,,2,18,3,5.05,13,0.2,0,2,11,10.5,1.05,0.94,2.75,5,3
217,2,1,1,1,0,0,0,0,0,0,2,13,2,4.25,13,0.17,0,73,1,11,10,0.95,0.74,2.19,4,3,1,1,111192,,0,12,3,5.05,26,0.2,0,1,10.5,10.5,0.94,0.73,2.32,4,4
218,2,1,1,1,0,0,0,0,0,0,7,4,2,4.35,26,0.25,0,5,1,11,10,0.85,0.74,2.34,3,2,1,1,111192,,5,3,3,5.05,26,0.25,0,1,11,11,0.95,0.73,2.19,3,3
219,2,1,1,1,0,0,0,0,0,0,3,9,3,4.25,19,0.12,0,50,2,11,10,0.91,0.74,2.34,4,3,1,1,111192,,9,9,2,5.05,26,0.18,0,1,10.5,10.5,0.94,0.73,2.53,,
220,2,0,1,1,0,0,0,0,0,4,3,15,2,4.25,13,0.25,0,50,2,11,10,1.06,0.95,2.77,5,3,1,1,111492,1,3,12,3,5.05,13,0.13,0,1,11,10,1.09,0.9,2.75,4,3
221,2,0,1,1,0,0,0,0,0,0,1,28,3,4.6,13,0.25,0,95,1,11,11,1.02,0.95,2.56,4,3,1,1,111192,,1,15,3,5.05,13,0.15,0,1,11,11,1.05,0.94,2.53,4,3
222,3,1,1,1,0,0,0,0,0,3,2,24,3,4.25,13,0.25,0,75,2,9,12.5,1.12,0.85,1.06,3,1,1,1,111192,,2,15,3,5.05,26,0.2,0,2,10,11.5,1.01,1.01,0.89,3,1
223,3,1,1,1,0,0,0,0,0,2,3,18,3,4.75,13,0.25,0,30,2,6,16,,,,3,2,2,1,121892,2,3,20,3,5.05,28,0.25,0,2,7,15,1.01,1.01,0.94,3,2
225,3,1,1,1,0,0,0,0,0,0,3,27,3,4.75,13,0.2,0,25,2,6,17,1.06,0.91,0.91,6,3,1,1,111192,,12,25,4,5.05,4,0.1,0,2,6,17,1.01,1.01,0.94,5,3
226,4,0,1,1,0,0,0,0,0,0,0,22,2,4.25,13,0.25,0,60,1,10.5,11.5,0.95,0.71,0.95,2,2,1,1,111792,1,0,26,2,5.3,52,0.15,0,1,10.5,10.5,1,0.85,0.94,2,2
228,4,0,1,1,0,0,0,0,0,0,3,28.5,3,4.5,13,0.2,1,20,3,10.5,12.5,0.95,0.86,0.95,2,2,1,1,111392,,11,19,3,5.05,,,0,1,10.5,12.5,1,0.84,0.89,2,
229,1,0,1,0,0,1,0,0,0,2,3,40,3,4.5,26,0.1,0,30,2,8.5,13.5,0.95,0.95,1.06,5,4,1,1,111692,,22,11,3,5.5,26,0.15,1,2,8.5,13.5,1.01,0.94,0.94,4,3
230,1,0,1,0,0,1,0,0,0,0,0,25,3,4.25,26,0.1,0,60,1,7,17,1.02,0.95,0.95,3,2,1,1,111692,,15,17,3,5.05,26,0.18,0,1,7,17,1.05,0.94,0.94,3,2
231,1,0,1,0,0,1,0,0,0,1,,10,3,,26,,0,,2,7,16,1.02,1.02,0.95,2,2,1,1,111092,,16,6,4,5.05,4,0.25,0,1,7,16,0.9,0.95,0.95,3,1
232,1,0,1,0,0,1,0,0,0,3,18,6,3,4.75,26,0.12,1,46,3,7,16,1.06,0.95,0.95,3,3,1,1,111892,3,18,10,4,5.05,13,0.25,0,2,7,15,1.05,0.95,0.95,3,2
233,1,0,1,0,0,1,0,0,0,0,19,7,3,4.65,13,0.32,0,10,2,7,16,1.17,0.95,0.95,2,2,1,1,111092,,15,7,3,5.05,26,0.25,0,2,7,16,1.05,0.94,0.94,2,2
234,1,0,1,0,0,1,0,0,0,2,0,10,3,5,26,,0,0,2,7,16,1.12,,0.49,2,2,1,1,111892,2,10,4,3,5.05,26,,0,2,7,16,1.04,1.01,0.58,3,2
235,1,0,1,0,0,1,0,0,0,2,5,17,1,4.25,26,0.21,0,100,2,7,16,1.02,0.95,1.04,3,2,2,1,121592,4,,28,3,5.05,28,0.5,1,2,8,15,1.11,1.11,1.03,4,2
236,1,0,1,0,0,1,0,0,0,3,0,34,4,,17,,0,95,1,7,17,1.18,1.02,1.06,4,3,1,1,111792,2,23,22,4,5.05,8,0.28,1,1,7,18,1.1,1.01,0.99,4,3
237,1,0,1,0,0,1,0,0,0,2,12,11,4,4.25,13,0.25,0,50,2,7,16,1.11,0.95,1.01,2,2,1,1,110992,,9,17,4,5.05,4,0.2,0,2,7,15.5,0.94,0.94,1,2,2
238,2,1,1,0,0,1,0,0,0,2,0,22,3,4.75,9,0.12,0,100,1,11,12,1.06,1.02,2.34,5,3,1,1,111192,,25,15,5,5.05,13,0.25,1,1,11,12,1.05,1.05,2.32,5,3
239,2,0,1,0,0,1,0,0,0,1,15,4,3,4.25,13,0.25,0,35,1,10.5,13.5,1.05,0.95,2.74,5,3,1,1,111292,,0,19,2,5.05,26,0.28,0,1,10.5,12.5,1.05,0.84,2.32,5,3
240,3,1,1,0,0,1,0,0,0,0,15,35,3,5.1,26,0.25,0,20,2,6,17,1.18,1.02,1.06,6,4,1,1,111692,1,15,15,3,5.05,26,0.15,0,2,6,17,1.1,1,1.05,6,4
241,3,0,1,0,0,1,0,0,0,2,15,25,4,5,13,0.37,1,30,2,7,16,1.12,1.02,1.06,5,5,1,1,111192,1,15,,4,5.05,26,0.1,0,2,7,16,1.15,1.05,1.05,5,5
242,3,1,1,0,0,1,0,0,0,0,25,10,3,5.25,13,0.25,1,0,2,6,17,1.1,1.02,1.06,5,4,1,1,111192,,12,10,3,5.05,8,0.2,1,2,7,16,1.11,1.06,1.05,6,4
243,3,1,1,0,0,1,0,0,0,0,7,25,3,4.5,8,0.25,0,40,2,6,16.5,1.07,1.02,0.74,6,3,1,1,111192,,7,22,3,5.05,26,0.1,0,2,7,15.5,1.11,1.06,1.05,6,2
244,3,1,1,0,0,1,0,0,0,3,12,30,3,4.25,4,0.25,0,40,2,6,18,1.17,1.12,1.02,4,3,1,1,111192,,16,12,6,5.05,26,0.25,0,2,7,17,1.11,1.12,1.05,5,3
245,3,0,1,0,0,1,0,0,0,3,15,8,3,5.5,,,0,0,1,8.5,13.5,1.2,1.02,1.02,4,2,1,1,111792,3,8,12,4,5.05,26,,0,1,8.5,13,1.11,1.11,1.05,5,1
247,4,0,1,0,0,1,0,0,0,3,0,40,4,4.5,13,0.1,0,75,2,10.5,15.5,1.06,1.05,1.06,2,2,2,1,121792,7,0,40,4,5.05,,,1,2,10.5,15.5,1.11,1.09,2.07,2,2
248,4,0,1,0,0,1,0,0,0,2,8,16,6,4.75,13,0.37,0,,2,10,16,1.17,0.95,0.85,2,2,1,1,111392,,10,14,6,5.05,26,0.25,0,2,10,16,1.37,0.95,2.03,2,1
249,1,0,1,1,0,0,0,0,1,1,6,6,4,4.37,4,0.25,0,63,1,7,15,1.13,1.06,0.95,3,2,1,1,110992,,10,12,3,5.05,4,0.1,0,1,7,15,1.01,1.01,0.94,3,2
250,2,1,1,1,0,0,0,0,1,2,1,4,2,4.5,13,0.3,0,100,1,11,10,0.85,,,4,1,1,1,111292,,2,4,3,5.05,6,0.25,0,1,11,10,0.94,0.84,2.52,5,3
253,3,1,1,1,0,0,0,0,0,0,7,7,3,4.87,52,,0,,2,7,13,1.23,1.06,2.3,2,2,1,1,111192,,4,8,6,5.05,52,0.23,,2,7,16,1.23,1.11,2.28,3,2
254,4,0,1,1,0,0,0,0,1,0,20,10,3,,16,,0,,1,7,16,1.06,0.86,1.06,2,2,1,1,111492,1,28,10,3,5.25,8,0.2,1,1,7,15,1,0.85,1.05,2,2
255,4,0,1,1,0,0,0,0,0,2,0,14,3,,52,0.27,1,10,1,7,14,1.01,0.79,0.85,2,2,1,1,111392,,8,12,2,,52,0.14,0,1,7,14,1,0.85,2.11,2,2
257,1,0,1,1,0,0,0,0,1,2,20,10,3,4.25,39,0.2,0,10,2,7,16,1.02,0.88,0.91,2,2,2,2,121492,2,,,,,,,,,,,,,,,
258,1,0,1,1,0,0,0,0,0,0,4,22,3,4.25,8,0.15,0,38,2,7,16,1.06,0.92,0.9,3,3,1,1,110992,,20,18,3,5.05,13,,0,2,6,18,1.08,0.94,0.84,3,3
259,1,0,1,1,0,0,0,0,0,0,13,12,4,5,4,0.25,0,50,2,7.5,14.5,1.02,0.85,0.85,3,3,1,1,110992,,15,15,4,5.05,,,0,2,7.5,14.5,1.05,,0.84,3,3
260,1,1,1,1,0,0,0,0,0,2,10,20,4,4.25,4,0.17,1,100,2,7,16,1.06,0.93,0.88,4,2,1,1,110992,,4,26,5,5.05,8,0.28,0,2,7,16,1.09,0.94,0.93,3,3
262,1,0,1,1,0,0,0,0,0,0,7,13,3,4.25,13,0.25,0,78,2,6.5,16.5,1.06,0.95,1.06,4,4,1,1,110992,,0,22.5,3,5.05,,0.25,0,2,6.5,17.5,1.08,1.02,0.87,3,3
264,1,0,1,1,0,0,0,0,0,5,0,10,2,4.25,13,0.25,1,60,3,7,15,1.02,0.88,0.91,2,2,2,1,121492,2,0,23,5,5.05,14,,0,2,7,16,1.05,1.11,0.94,3,3
265,1,0,1,1,0,0,0,0,0,3,0,20,1,4.25,26,0.15,0,100,2,7,16,1.02,0.88,0.94,3,3,2,3,121492,1,0,0,0,,,,,,,,,,,,
267,1,0,1,1,0,0,0,0,0,0,6.5,20,3,4.25,26,0.22,0,80,2,7,16,0.9,0.8,0.8,3,2,1,1,110992,,30,25,5,5.05,26,0.2,0,3,7,16,1.05,0.88,0.91,3,2
268,1,1,1,1,0,0,0,0,0,1,10,18,4,5,26,0.17,1,0,2,7,15,1.02,0.85,0.85,5,4,1,1,110992,,0,42.5,2,5.05,26,0.25,1,2,7,15,0.94,0.78,0.84,4,4
269,2,1,1,1,0,0,0,0,0,0,2,10,3,4.45,13,0.12,0,33,2,11,10,0.95,0.69,1.5,4,3,1,1,111892,3,10,3,4,5.05,26,0.17,0,2,11,11,0.94,0.73,2.32,4,3
271,2,1,1,1,0,0,0,0,0,3,0,13,2,5,13,0.1,0,38,2,11,11,1.02,0.79,2.34,4,2,1,1,111792,1,0,15,3,5.05,8,0.1,0,2,11,12,0.9,0.73,2.28,4,3
272,2,1,1,1,0,0,0,0,0,4,4,11,3,5.05,4,0.2,0,0,1,11,11,0.95,0.74,2.34,4,2,1,1,111492,1,2,14,3,5.25,26,0.2,0,2,11,12,0.94,0.73,2.32,4,3
273,2,1,1,1,0,0,0,0,0,0,2,14,4,4.62,13,0.2,0,95,1,11,10,0.95,0.74,2.34,4,3,1,1,111792,2,2,11,3,5.05,6,0.18,0,1,11,10,0.95,0.74,2.32,4,3
274,2,1,1,1,0,0,0,0,0,0,0,15,2,5.5,26,0.12,0,27,2,11,10,0.91,0.74,2.34,4,3,1,1,111392,,3,7,3,5.05,26,0.2,0,1,11,11,,,2.32,,
275,2,1,1,1,0,0,0,0,0,0,4,4,4,4.25,9,0.25,0,38,2,11,11,0.95,0.79,2.34,4,3,1,1,111492,2,1,8,2,5.05,13,0.39,0,1,11,10.5,0.94,0.73,2.32,4,2
276,2,1,1,1,0,0,0,0,0,3,5,10,3,5,26,0.25,0,0,2,11,10.5,0.95,0.74,2.19,4,3,1,1,111392,,5,15,3,5.05,26,0.28,0,3,11,12,0.95,0.73,2.32,5,3
277,2,1,1,1,0,0,0,0,0,0,2,15,3,4.25,9,0.25,0,10,3,11,10,0.95,0.85,2.34,3,3,1,1,111492,1,1,14,3,5.05,,,0,1,11,10,0.94,0.73,2.32,3,3
278,2,1,1,1,0,0,0,0,0,0,3,4,3,4.25,3,0.25,0,43,2,11,10,0.95,0.74,2.19,4,3,1,1,111392,,0,9,4,5.05,,,0,1,11,11,0.95,0.73,2.32,5,3
282,3,1,1,1,0,0,0,0,0,2,2,14,3,4.25,13,0.13,0,25,2,6,16,1.06,0.91,0.79,4,3,2,3,121492,1,0,0,0,,,,,,,,,,,,
284,3,1,1,1,0,0,0,0,0,1,5,23,4,4.5,13,0.25,1,88,2,6,16,1.02,0.91,0.91,5,4,1,1,111692,1,6,12,3,5.05,26,0.28,0,2,6,16,1.01,1.01,0.94,4,3
285,3,1,1,1,0,0,0,0,0,1,3,25,3,4.75,4,0.25,0,70,2,6,16,1.02,0.91,0.8,4,2,1,1,111292,,3,15,3,5.05,52,0.13,0,2,6,16,1.01,1.01,1.01,4,2
286,3,1,1,1,0,0,0,0,0,4,1,15,3,4.75,13,0.25,0,66,2,10,11.5,1.12,,0.95,2,1,1,1,111692,1,2,15,3,5.05,26,0.18,0,2,10,11.5,1.02,1.01,0.94,2,1
287,3,1,1,1,0,0,0,0,0,2,3,18,3,4.5,13,0.17,0,70,2,6,16,1.06,0.91,0.95,5,3,1,1,111292,,2,15,3,5.05,4,0.15,0,2,6,16,1.01,1.01,0.94,5,3
288,3,1,1,1,0,0,0,0,0,3,0,20,3,4.75,,0.25,0,15,2,6,16,1.02,0.95,0.95,6,4,1,1,111292,,5,9,3,5.05,19,0.15,0,2,6,16,1.01,1.01,0.89,5,2
289,3,1,1,1,0,0,0,0,0,2,2,12,2,4.25,13,0.2,0,50,2,6,16,1.02,0.95,0.95,5,3,1,1,111292,,3,10,2,5.05,26,0.25,0,2,7,15,1.01,1.01,2,6,3
290,4,0,1,1,0,0,0,0,0,1,8,12,3,4.75,26,0.1,0,35,3,10.5,12.5,0.95,0.89,0.95,2,2,1,1,111392,1,0,23,2,5.05,,,0,1,10.5,11.5,1,0.85,0.94,2,2
291,4,0,1,1,0,0,0,0,0,0,4,20,3,4.55,16,0.12,0,25,1,10.5,11.5,0.95,0.86,0.95,2,2,1,1,111392,,5,16,3,5.1,17,0.1,1,2,10.5,11.5,1,0.85,0.94,2,2
292,4,0,1,1,0,0,0,0,1,2,10,15,3,4.8,26,0.12,0,2,1,7,16,0.95,0.92,0.95,2,1,1,1,111392,,15,11,3,5.05,52,0.25,1,1,7,16,1,0.84,2.69,2,2
294,1,0,1,0,0,1,0,0,0,3,0,35,3,,26,0.2,0,70,2,7,16,1.06,0.95,0.95,3,3,1,1,110992,,0,35,3,5.05,26,0.2,0,2,7,16,1.05,0.94,0.94,3,2
295,1,0,1,0,0,1,0,0,0,3,8,9,3,4.75,26,0.12,0,100,2,6.5,16.5,1.06,0.95,0.95,3,3,2,1,121592,1,,21,4,5.05,28,0.18,0,2,6,18,1.05,0.94,0.94,3,3
296,1,1,1,0,0,1,0,0,0,0,5,16,4,5.3,26,0.25,0,50,2,7,16,1.06,0.95,1.01,3,3,1,1,111892,3,4,9,6,5.05,13,,0,2,7,16,1.05,0.94,1,3,2
297,1,1,1,0,0,1,0,0,0,1,9,15,3,4.25,13,0.05,0,100,2,7,16,1.06,0.91,0.98,3,3,1,1,111792,2,15,30,4,5.05,26,0.15,0,2,7,16,1.05,0.94,0.98,3,2
299,2,1,1,0,0,1,0,0,0,0,3,8,2,5,26,,0,0,1,10.5,11.5,1.06,0.85,2.34,3,2,1,1,111792,1,6,12,2,5.05,13,0.25,0,1,11,11.5,1.05,0.84,2.32,3,2
301,2,1,1,0,0,1,0,0,0,4,8,12,5,5,11,0.36,1,0,3,11,10.5,1.06,0.85,2.34,3,1,1,1,111492,1,2,7,1,5.05,4,0.5,0,2,11,10.5,0.94,0.84,2.32,3,2
303,3,1,1,0,0,1,0,0,0,0,10,35,3,4.35,26,0.27,1,28,2,6,17,1.12,1,1.02,6,5,1,1,111692,,12,35,3,5.05,13,0.15,0,2,7,16,1.05,1.05,1.05,5,3
304,3,0,1,0,0,1,0,0,0,3,10,20,3,4.5,26,0.37,0,50,2,6,17,1.27,1.27,2.24,5,3,1,1,111292,,10,15,4,5.05,26,0.38,1,1,0,24,1.4,1.29,1.05,5,5
305,3,1,1,0,0,1,0,0,0,2,0,20,3,4.39,,,0,,2,6,17,1.27,1.27,1.06,5,4,1,1,111792,1,5,22,4,5.05,2,0.35,0,1,6,18,1.37,1.31,1.05,5,4
306,3,1,1,0,0,1,0,0,0,0,15,15,3,,17,,0,,2,6,17,1.02,,1.06,4,4,1,1,111792,1,6,20,3,5.05,26,0.23,0,2,6,18,1.11,1.05,1.05,,2
307,3,1,1,0,0,1,0,0,0,0,17.5,17.5,4,4.25,15,0.5,0,90,2,6,18,1.19,1.19,1.06,5,5,1,1,111892,1,25,25,6,5.2,,,0,2,0,24,1.26,,1.05,5,5
310,4,0,1,0,0,1,0,0,0,2,0,28,4,4.25,13,0.25,1,61,2,10.5,11.5,0.91,0.91,1.94,2,1,1,1,111392,,3,23,3,5.05,26,0.3,0,2,10.5,11.5,0.97,0.9,2.06,2,2
311,4,0,1,0,0,1,0,0,0,2,0,30,4,,26,0.32,1,78,2,10.5,11.5,0.91,0.91,1.06,2,2,1,1,111392,,35,30,3,5.05,,0.2,0,2,10.5,11.5,1.01,0.95,1.05,2,2
312,1,0,1,1,0,0,0,0,1,3,4,6,3,4.25,10,0.22,0,100,1,8,11,1.22,1.06,0.93,3,1,1,1,110992,,3,2,3,5.05,4,0.25,0,1,9,10,1.26,1.05,1.02,3,1
313,1,0,1,1,0,0,0,0,1,0,11,9,4,4.5,4,0.25,0,80,1,7,15,1.06,0.93,0.94,3,2,1,1,110992,,0,30,,5.05,8,0.25,0,1,7,15,1,1.01,0.89,3,3
314,1,0,1,1,0,0,0,0,1,8,8,12,3,4.62,4,0.25,0,80,1,7,15,1.06,0.95,0.91,3,2,1,1,110992,,15,6,4,5.25,13,0.15,0,1,6,16,1.05,0.74,0.94,3,3
315,1,0,1,1,0,0,0,0,0,0,5,19,2,,4,0.25,1,65,3,7,16,1,0.85,0.88,3,2,1,1,110992,,4.5,20,2,5.05,8,0.08,0,2,7,16,1.05,0.84,0.87,3,2
316,1,1,1,1,0,0,0,0,1,0,15,15,3,4.62,8,0.25,0,10,2,7,16,1.06,0.92,0.87,3,2,1,1,111692,,12,14,3,5.05,26,0.15,1,2,7,16,1.05,0.94,0.94,,
317,1,0,1,1,0,0,0,0,1,3,0,8,2,4.25,13,0.17,0,100,1,8,12,1.22,0.93,0.96,3,1,1,1,111792,1,4,0,3,5.05,8,0.13,0,1,8,10.5,1.26,1.05,1.05,2,1
318,2,0,1,1,0,0,0,0,1,3,5,7,3,4.75,13,0.25,1,36,2,11,12,1.23,0.98,2.61,3,3,1,1,111292,,7,6,4,5.05,13,0.5,1,1,10.5,11.5,1.11,0.95,2.59,3,3
319,2,0,1,1,0,0,0,0,1,2,0,11,3,4.62,2.5,0.12,1,,2,10.5,12.5,1.06,0.85,3.95,,,1,1,111292,,22,4,3,5.05,13,0.25,1,1,10.5,11.5,0.95,0.9,2.43,4,3
320,2,0,1,1,0,0,0,0,1,0,5,9,2,5,13,0.12,1,0,2,11,12,1.12,0.8,2.45,4,4,1,1,111392,,4,6,3,5.05,,,0,1,11,11,1.05,0.84,2.43,4,3
321,2,0,1,1,0,0,0,0,1,0,3,14,3,5,,0.25,0,10,2,10.5,12.5,1.12,0.85,2.45,4,2,1,1,111492,2,4,11,2,5.05,13,0.15,0,1,11,12,1.05,0.84,2.43,4,3
322,3,1,1,1,0,0,0,0,1,0,8,13,4,4.75,13,0.15,0,25,2,6,16,1.06,1.06,1.02,6,2,1,1,111692,1,12,5,4,5.05,13,,0,2,7,15,0.96,1.01,0.94,6,3
324,3,0,1,1,0,0,0,0,0,2,20,46,5,5.25,26,0.2,0,0,2,0,24,1.18,1.06,,5,2,2,1,121892,4,22,39,5,5.05,52,0.25,1,2,0,24,1.22,1.05,1.05,5,2
325,3,1,1,1,0,0,0,0,1,0,4,15,4,4.5,10,0.25,0,50,2,6,15,1.09,1.06,0.79,6,3,1,1,111692,,1,15,3,5.05,26,0.1,0,2,7,15,1.02,1.01,1.01,6,3
326,3,1,1,1,0,0,0,0,1,3,18,45,5,5.15,11,0.15,0,7,2,0,24,1.26,0.99,,4,3,1,1,111892,1,0,45,4,5.05,,,0,2,0,24,1.22,,1.05,4,2
330,4,0,1,1,0,0,0,0,1,0,4,16,3,5.42,13,0.12,1,0,1,10.5,15.5,1.01,0.86,0.95,2,2,1,1,111392,,3,20,3,5.67,52,0.25,0,1,10.5,14.5,0.94,0.79,1.26,2,2
333,1,0,1,0,1,0,0,0,0,0,2,16.5,4,4.25,13,0.2,0,100,2,7,15,1.02,0.88,0.82,4,,1,1,110992,,3,20,3,5.05,13,0.18,0,2,7,15,1.04,0.87,0.87,3,3
334,1,0,1,1,0,0,0,0,0,0,10,10,3,5,4,0.17,0,0,3,9,12.5,0.91,0.91,0.91,3,3,1,1,110992,,0,20,3,5.05,26,0.18,,3,9,12.5,0.9,0.9,0.85,3,2
335,1,1,1,1,0,0,0,0,0,0,9,10,3,,13,0.17,0,100,1,6,17,1.06,0.92,0.92,5,2,1,1,111892,3,7,13,3,5.05,26,0.13,0,1,6,17,1.05,0.94,0.94,5,2
336,1,0,1,1,0,0,0,0,0,2,28,12,4,4.5,4,0.2,0,80,2,7,15,1.02,0.91,0.93,3,2,1,1,110992,,10,20,5,5.05,6,0.2,0,2,6,16,0.95,1.05,0.94,3,3
337,1,1,1,1,0,0,0,0,0,0,5,29.5,5,4.87,,0.3,0,90,3,7,17,1.06,0.93,0.93,4,3,1,1,110992,,25,5,3,5.05,26,,0,2,7,17,,,,,
339,1,1,1,1,0,0,0,0,0,2,18,6,2,4.25,26,0.37,0,70,3,7,16,1.06,0.85,0.95,3,3,1,1,111692,,5,9,2,5.05,13,0.25,1,1,7,16,0.95,0.95,0.95,3,3
340,1,0,1,1,0,0,0,0,0,3,6,30,3,4.25,26,0.1,0,30,2,7.5,14.5,0.96,0.95,0.85,5,4,1,1,111692,,15,17,2,5.05,8,0.15,0,2,6,16,1.05,0.84,0.84,5,4
341,2,1,1,1,0,0,0,0,0,0,2,7,2,4.62,4,0.25,0,33,1,11,9.5,0.95,0.74,2.34,3,3,1,1,111492,,3,7,3,5.05,,,0,1,11,11,0.9,0.84,2.32,4,2
343,2,1,1,1,0,0,0,0,0,0,10,6,2,4.75,26,0.25,0,43,2,11,10.5,0.95,0.74,2.34,4,3,1,1,111892,4,4,11,2,5.05,6,0.15,0,2,11,12,0.95,0.85,2.32,4,3
346,2,1,1,1,0,0,0,0,0,0,2,10.5,2,4.25,19,0.2,0,,2,11,10,0.95,,,4,3,1,1,111292,,3,12,3,,,,0,1,11,11,0.85,,,,
348,3,1,1,0,1,0,0,0,0,0,3,10.5,3,4.25,13,0.2,0,75,2,10.5,10.5,1.02,1.06,0.95,3,2,2,3,121892,1,0,0,0,,,,,,,,,,,,
349,3,1,1,1,0,0,0,0,0,1,2.5,27,5,5,6,0.15,0,10,2,6,16,1.12,0.91,0.95,3,3,1,1,111192,,0,20,4,5.05,4,0.18,0,2,7,15,1.01,1.01,0.94,3,3
350,3,1,1,1,0,0,0,0,0,0,8,9,4,4.75,13,0.37,0,60,2,6,16,1.06,0.91,1.12,5,,1,1,111892,1,5,20,2,5.05,13,0.23,0,2,6,17,1.01,1.01,0.89,5,4
351,3,1,1,1,0,0,0,0,0,1,2,27.5,3,4.25,,,0,,2,6,16,1.02,0.9,0.95,4,3,1,1,111792,2,10,20,4,5.05,52,0.53,0,2,6,16,1.01,1.01,0.73,4,2
352,3,1,1,0,0,1,0,0,0,0,0,19,4,4.75,8,0.25,0,50,2,10,11.5,1.12,0.91,0.99,2,2,2,5,122392,9,,,,,,,,,,,0.95,0.95,0.89,,
353,3,1,1,1,0,0,0,0,0,0,7.5,22.5,3,4.37,13,0.22,0,90,2,6,16,1.07,0.85,0.95,5,3,2,1,121492,4,,31,4,5.05,28,,0,2,6,16,1.01,1.01,0.89,3,3
354,4,0,1,1,0,0,0,0,0,3,14,7,3,5.06,4,0.25,1,10,1,10.5,10.5,0.95,0.86,0.95,2,2,1,1,111392,,9,7,3,5.05,13,0.23,0,1,10.5,10.5,1,0.85,0.94,2,2
355,4,0,1,0,1,0,0,0,0,0,2,17,3,4.87,26,0.15,1,100,1,10.5,11.5,0.95,0.92,0.95,2,2,1,1,111392,,3,17,2,,,,0,1,10.5,11.5,1,0.85,0.89,2,2
356,4,0,1,1,0,0,0,0,0,3,11.5,10,4,5.05,13,,1,0,1,10.5,11.5,0.95,0.8,1.06,2,2,1,1,111492,,0,28,4,5.05,17,0.15,1,1,10.5,11.5,1,0.85,1.05,2,2
357,4,0,1,0,0,1,0,0,0,1,4.5,20,3,5,16,0.2,0,100,1,10.5,11.5,0.95,0.86,0.95,2,2,1,1,111392,,21,6,3,5.25,13,0.25,0,1,10.5,12.5,1,0.84,2.35,2,2
359,1,1,1,1,0,0,0,0,0,1,0,22,4,4.25,26,0.17,0,100,2,7,15,1.02,0.85,0.82,3,3,1,1,111692,,0,26,4,5.05,26,0.25,0,2,7,16,1.05,0.87,0.82,3,2
360,1,0,1,1,0,0,0,0,0,0,3,25,2,4.25,13,0.15,1,100,2,7,15,1.06,0.84,0.89,3,3,1,1,111692,,5,32,7,5.05,4,0.25,0,2,7,16,1.05,0.87,0.82,3,3
361,1,0,1,1,0,0,0,0,0,0,6,13,5,4.25,26,0.22,0,100,2,7,16,1.02,0.91,0.85,3,3,1,1,110792,,4,23,6,5.05,26,0.18,0,2,7,16,0.9,0.93,0.92,3,2
362,2,0,1,1,0,0,0,0,0,0,6,13,,4.25,13,0.66,1,100,2,10.5,12.5,1.06,0.81,2.45,5,3,1,1,111292,,24,4,4,5.05,13,0.18,0,1,10.5,12.5,1.05,0.84,2.43,5,3
363,2,0,1,1,0,0,0,0,0,2,0,25,3,4.25,18,0.18,0,75,2,10.5,12.5,1.06,0.8,2.45,4,3,1,1,111292,,14,7,2,5.2,4,0.13,0,2,10.5,12.5,1.01,0.8,2.43,4,4
364,2,0,1,1,0,0,0,0,0,3,3.5,20,3,4.25,13,0.12,1,,2,11,12,0.95,0.85,2.45,4,4,1,1,111492,,1,30,4,5.05,52,0.25,0,1,10.5,12.5,1.05,0.84,2.43,5,3
366,3,0,1,1,0,0,0,0,0,3,2,17,3,4.5,13,0.25,0,50,2,10.5,11.5,1.02,0.91,0.63,5,4,1,1,111892,1,1,19,4,5.05,13,0.25,0,2,10.5,11.5,1.01,0.9,0.63,4,3
368,4,0,1,1,0,0,0,0,0,1,0,20,3,4.25,13,0.15,0,20,3,10.5,12.5,0.89,0.86,0.95,2,1,1,1,111392,,0,25,2,5.05,19,0.15,0,1,10.5,11.5,1,0.85,0.95,2,2
369,1,1,1,0,0,1,0,0,0,1,0,15,4,4.35,18,0.12,0,87,2,7,15,1.17,1.06,1.17,3,2,2,3,120992,,0,0,0,,,,,,,,,,,,
370,1,0,1,0,0,1,0,0,0,0,20,11.5,3.3,4.85,18,0.25,0,80,3,7,16,1.06,0.95,0.95,3,2,1,1,110792,,26,5,3,5.05,,0.1,1,3,7,16,,,,3,2
371,1,0,1,0,0,1,0,0,0,0,12,23,4,5,13,0.15,0,100,2,7,16,1.06,1.02,0.95,3,3,1,1,110792,,11,22,5,5.25,26,,0,3,7,16,,,,4,2
372,1,1,1,0,0,1,0,0,0,2,0,45,5,,26,0.15,1,30,3,6.5,19,1.1,0.95,1.1,4,,1,1,111792,1,30,20,5,5.05,8,0.08,0,2,6.5,18.5,1.06,1.05,1.04,4,3
373,1,1,1,0,0,1,0,0,0,0,14,12,4,5,4,0.25,0,100,2,6.5,15.5,1.01,0.95,1.03,6,3,1,1,110792,,18,15,4,5.05,13,0.25,1,2,6.5,15.5,1.1,0.94,1.02,6,5
375,1,0,1,0,0,1,0,0,0,3,25,10,4,5.25,26,0.25,1,0,1,7,15,1.02,0.8,,4,2,1,1,111692,1,0,25,4,5.5,26,0.1,1,1,7,15,1.05,0.94,1.01,3,3
376,1,0,1,0,0,1,0,0,0,3,4,10,4,4.5,13,0.1,0,,2,8,14,0.95,0.95,0.96,8,4,1,1,111792,2,0,17,3,5.05,15,0.2,1,2,8,14,1.26,1.01,1,3,3
377,1,0,1,0,0,1,0,0,0,3,12,6,3,4.25,26,0.15,1,90,2,8,14,1.06,0.95,0.95,3,2,1,1,110792,,11,12,3,5.05,26,0.2,0,2,8,14,1.05,0.95,0.94,3,1
378,1,1,1,0,0,1,0,0,0,4,10,8,4,5,52,0.1,0,,2,6.5,18.5,1.1,0.96,1.1,5,5,1,1,110792,,20,15,4,5.05,52,0.25,1,2,6,19,1.05,0.99,1.03,6,4
379,1,0,1,0,0,1,0,0,0,0,20,12,4,4.62,26,0.17,0,30,3,7,16,1.06,1.06,0.95,3,2,1,1,111792,1,28,6,3,5.05,52,0.15,1,1,7,16,1.06,1.06,1.06,3,2
380,1,0,1,0,0,1,0,0,0,0,10,15,3,4.5,52,0.2,0,50,3,7,16,1.06,0.95,0.95,3,2,1,1,110792,,15,14,3,5.05,26,0.13,0,1,7,16,1.05,0.94,0.94,3,2
381,1,0,1,0,0,1,0,0,0,0,10,20,4,5,13,0.5,1,0,2,6.5,16.5,1.27,1.17,1.1,4,2,1,1,111692,,15,15,5,5.05,8,0.47,1,2,6.5,16.5,1.37,1.16,1.16,4,2
383,1,0,1,0,0,1,0,0,0,3,6,4,2,4.5,26,0.25,0,30,1,7,16,1.15,0.95,0.95,2,2,1,1,111892,2,7,2,2,5.05,26,0.38,0,1,7,16,1.16,1.01,1.05,2,2
384,1,0,1,0,0,1,0,0,0,3,,,3,4.65,26,0.25,0,,2,7,16,1.06,0.95,0.95,3,2,1,1,110792,,0,30,3,5.05,26,0.1,0,3,7,16,1.05,1.05,0.89,3,2
385,1,0,1,0,0,1,0,0,0,2,16,14,3,4.25,,0.15,1,25,1,7,17,,,,3,2,2,1,120992,4,15,14,3,5.05,28,0.1,0,2,7,17,1.16,1.22,0.41,3,3
386,1,0,1,0,0,1,0,0,0,0,0,19,3,4.25,39,0.25,0,,1,7,17,1.06,0.95,0.95,3,2,1,1,111692,,14,10,4,5.05,26,0.25,0,1,7,17,1.05,0.95,0.95,4,2
391,2,0,1,0,0,1,0,0,0,3,15,5,2,4.25,6,0.12,0,12,2,11,10,1.06,1.06,2.66,3,3,1,1,111492,2,12,7,2,5.05,,,0,2,11,10,1.05,1.05,2.64,4,3
393,2,1,1,0,0,1,0,0,0,4,4,10,3,4.62,2,0.25,0,100,2,11,11,1.17,1.27,2.77,3,2,1,1,111792,3,18,4,3,5.25,13,0.25,1,1,11,11,1.16,1.26,2.75,3,2
396,3,1,1,0,0,1,0,0,0,1,24,16,4,4.87,9,0.37,0,10,2,6,17,1.27,1.07,2.13,5,3,1,1,111192,,8,30,3,5.4,26,0.1,0,2,7,16,1.11,1.05,1.05,5,3
397,3,1,1,0,0,1,0,0,0,2,4,28,3,4.25,52,0.62,0,85,2,6,17,1.12,1.02,1.06,4,3,2,1,122892,9,6,15,3,5.05,52,0.24,0,2,6,17,1.17,1.06,2.11,4,3
398,3,1,1,0,0,1,0,0,0,1,14,13,4,4.75,13,0.15,0,25,2,6,17,1.12,1.06,1.06,5,4,2,1,121092,2,25,15,3,5.05,28,,0,2,6,17,1.11,1.06,1.05,5,3
399,3,1,1,0,0,1,0,0,0,0,13,8,3,4.87,18,0.3,1,,2,6,17,1.27,1.04,1.12,7,3,1,1,111192,,18,18,4,5.05,26,0.23,0,2,7,16,1.26,1.08,1.05,7,4
400,3,1,1,0,0,1,0,0,0,0,16,15,3,4.5,39,0.5,0,50,3,6,17,1.2,1.06,1.06,5,5,1,1,111192,,8,24,3,5.05,41,0.15,0,2,7,16,1.17,1.01,1.05,5,3
401,3,0,1,0,0,1,0,0,0,0,8,6,4,4.25,13,0.17,1,18,2,7,16,1.12,1.02,1.02,6,4,1,1,111792,2,5,27,4,5.05,26,0.15,0,2,6,16,1.12,1.05,1.05,6,4
402,3,1,1,0,0,1,0,0,0,2,11,10,3,4.75,26,0.25,0,20,2,6,16,1.12,1.02,1.06,4,2,1,1,111692,,17,5,2,5.05,26,0.13,0,2,7,15,1.11,1.05,1.05,4,1
403,3,1,1,0,0,1,0,0,0,2,13,31,,5.05,26,0.15,0,10,2,6,18,1.09,1.12,1.06,5,4,1,1,111892,3,11,23,3,5.05,13,,1,2,7,16,1.11,1.06,1.05,4,4
405,3,1,1,0,0,1,0,0,0,3,6,17,3,4.32,26,0.12,0,57,2,6,17,1.12,1.02,1.06,7,4,1,1,111692,,1.5,15,3,5.05,26,0.15,0,2,7,16,1.12,1.01,1.05,6,3
406,4,1,1,0,0,1,0,0,0,0,12,35,4,5,,0.32,0,0,1,10.5,11.5,1.02,,2.14,2,2,1,1,111392,,17,22,4,5.5,13,,,1,10.5,12.5,0.84,0.94,1.99,2,2
407,2,1,0,0,0,0,0,1,0,0,2,12,3,4.75,52,0.12,0,90,3,11,10,0.95,0.74,2.33,4,3,1,1,111492,,1,14,3,4.25,4,0.3,0,1,11,11,0.95,0.84,2.53,4,3
407,4,1,1,0,0,1,0,0,0,2,5,10,2,5.75,26,0.15,1,0,2,11,10.5,1.17,1.17,1.38,1,1,1,1,111392,,8,7,3,5.5,26,0.15,0,2,11,10.5,1.05,1.16,2.32,1,1
409,1,0,1,0,0,1,0,0,0,0,3,60,2,5,39,,0,0,1,7,15,1.19,0.87,0.95,3,3,1,1,111792,2,0,15,3,5.05,,,0,1,7,15,1.09,1.04,1.01,3,3
410,1,0,1,0,0,1,0,0,0,0,0,35,3,4.25,26,0.1,0,,3,7,16,1.04,1.12,1.02,4,3,1,1,111692,,0,35,3,5.05,26,0.1,1,2,7,16,1.19,0.98,1.01,4,3
411,1,0,1,0,0,1,0,0,0,1,0,36,3,4.5,26,0.1,0,100,2,7,16,1.16,1.02,1.09,5,4,1,1,111692,,4,36,3,5.05,4,0.13,1,2,7,16,1.15,1.01,1.01,5,4
412,2,0,1,0,1,0,0,0,0,0,0,17,2,4.5,,0.37,0,18,1,11,11,1.06,1.02,2.34,5,2,1,1,111292,,0,13,2,5.05,,,0,1,11,11,1.15,1.05,2.64,5,3
413,1,0,1,0,0,1,0,0,0,0,0,36,5,4.25,9,0.5,0,100,1,6,17,1.12,1.02,1.06,4,3,1,1,110792,,0,20,3,5.05,26,0.13,1,1,7,17,1.11,1.01,1.05,4,2
414,1,0,1,0,0,1,0,0,0,0,0,36,5,4.25,26,,0,45,1,7,16,1.06,0.95,1.11,4,2,1,1,111692,,13,9,4,5.05,26,0.38,1,3,7,16,1.15,0.95,1.13,4,3
415,1,0,1,0,0,1,0,0,0,0,8,32,5,4.25,9,,1,65,2,7,16,1.06,0.91,0.98,5,3,1,1,110792,,0,38,4,5.05,52,,0,2,7,16,1.05,0.9,1.04,4,2
417,1,1,1,0,0,1,0,0,0,0,4,28,3,4.25,13,0.2,1,90,2,7,16,1.05,0.94,1.07,4,4,1,1,110992,,13,17,4,5.05,26,0.15,1,3,7,16,1.11,1.09,1,3,2
418,1,0,1,0,0,1,0,0,0,2,30,15,4,4.25,26,0.1,1,10,2,8,15,1.02,1.01,0.52,4,3,1,1,110992,,0,35,4,5.05,26,0.15,0,2,7,16,1.03,0.9,0.59,3,3
419,2,1,1,0,0,1,0,0,0,4,3,10,4,4.25,,0.5,0,15,2,11,11,1.06,0.85,2.34,4,4,2,1,121592,4,5,5,2,5.05,,,0,1,11,11,1.05,0.84,2.53,4,3
421,2,1,1,0,0,1,0,0,0,3,20,10,8,4.62,4,0.37,0,10,2,10.5,13,1.06,0.85,2.34,4,2,1,1,111792,3,25,7,8,5.05,4,1,0,2,10.5,13,1.05,0.84,2.32,4,2
422,2,0,1,0,0,1,0,0,0,2,0,7,3,4.75,,0.25,0,,2,10,11,1.06,0.85,2.34,4,2,1,1,111492,2,5,10,6,5.05,,,0,1,11,11,1.01,0.84,2.32,4,4
423,2,1,1,0,0,1,0,0,0,3,2,10,2,4.95,13,0.5,1,33,1,11,12,1.06,0.85,2.34,3,2,1,1,111492,1,19,3.5,3,5.25,13,0.5,0,1,11,11,1.05,0.84,2.32,3,2
424,2,1,1,0,0,1,0,0,0,0,3.5,6.5,3,4.75,13,0.25,0,45,1,11,11,1.06,0.85,2.34,5,3,1,1,111792,1,12,3,4,5.25,19,0.5,0,1,11,14,1.05,0.94,2.32,5,3
426,3,1,1,0,0,1,0,0,0,0,3,33,5,4.25,26,0.15,0,75,2,5,19,1.18,1.02,1.06,5,3,1,1,111192,,5,25,3,5.05,19,0.25,1,2,6,18,1.11,1.05,1.05,6,5
427,4,0,1,0,0,1,0,0,0,3,7,8,3,4.75,13,0.1,0,40,2,10.5,12.5,1.06,0.98,2.03,2,2,2,1,121792,4,0,35,3,5.05,,,1,2,10.5,12.5,1.11,1.09,2.07,2,2
428,4,0,1,0,0,1,0,0,0,2,0,33,3,4.62,13,0.12,0,100,2,10.5,12.5,1.06,0.98,1.06,2,2,1,1,111392,,10,24,3,5.14,13,0.1,0,2,10.5,12.5,1.05,0.89,2.11,2,2
430,1,0,0,0,0,0,1,0,0,0,20,25,4,4.25,13,0.15,0,44,2,7,15,0.95,0.75,0.8,3,3,1,1,110792,,0,48,3,4.25,26,0.13,0,2,7,16,0.91,0.73,0.75,3,3
432,1,0,0,0,0,0,1,0,0,0,20,55,5,4.5,17,0.15,0,75,2,7,16,0.94,0.74,0.79,4,3,1,1,110792,1,25,10,4,5.05,26,0.2,0,2,7,16,0.94,0.74,0.79,3,1
433,1,0,0,0,0,0,1,0,0,0,10,30,4,4.25,13,0.15,0,75,2,7,16,0.95,0.73,0.8,3,3,2,1,123092,6,0,42,4,,,,0,2,7,16,0.94,0.74,0.74,3,3
434,1,0,0,0,0,0,1,0,0,2,15,50,5,4.25,6,0.25,0,77,2,7,16,0.95,0.75,,3,3,1,1,111692,,19,29,4,4.25,,,0,2,7,16,0.95,0.8,0.8,3,3
435,1,0,0,0,0,0,1,0,0,1,1,37.5,3,4.25,4,0.17,1,25,2,6.5,15.5,0.95,0.75,0.79,3,3,1,1,110792,,0,32,5,4.25,6,0.15,1,2,6.5,15.5,0.94,0.74,0.79,3,2
438,2,0,0,0,0,0,1,0,0,2,0,9,3,4.25,52,0.07,0,11,2,11,8,1.01,0.84,2.43,2,1,1,1,111292,,2,9,3,4.25,52,0.05,0,2,11,9,0.95,0.84,2.43,2,1
440,4,0,0,0,0,0,1,0,0,2,0,25,3,4.25,19,0.15,0,100,2,10.5,11.5,0.89,0.79,2.01,2,2,1,1,111392,,0,30,3,,,,0,2,10.5,11.5,1,0.8,1.8,2,2
441,4,0,0,0,0,0,1,0,0,2,30,10,3,4.25,4,0.25,1,100,2,10.5,11.5,0.89,0.77,0.84,2,2,1,1,111392,,0,30,3,4.25,4,0.25,0,2,10.5,11.5,1,0.8,1.81,2,2
443,4,0,0,0,0,0,1,0,0,0,4,19,4,4.25,4,0.25,0,95,2,10.5,11.5,0.89,0.79,1.8,2,2,1,1,111392,,5,20,4,4.35,17,0.18,0,2,10.5,11.5,1,0.8,1.81,2,2
444,4,0,0,0,0,0,1,0,0,2,12,20,3,4.25,19,0.37,0,,2,10.5,12.5,0.89,0.8,0.84,2,2,1,1,111392,,10,35,4,4.5,4,0.3,0,2,10.5,11.5,0.89,,0.79,2,2
445,1,0,0,0,0,0,0,1,0,0,50,35,3,5,26,0.1,0,0,2,6,18,1.04,0.88,0.94,3,3,1,1,110792,,15,18,5,4.75,26,0.15,0,2,6,18,1.04,0.86,0.94,3,3
446,1,0,0,0,0,0,0,1,0,2,,,3,4.5,4,0.25,0,50,2,6,18,1.03,0.84,0.94,,,1,1,110792,,7,24,4,5,4,0.25,1,2,6,18,0.97,0.84,0.91,4,3
448,1,0,0,0,0,0,0,1,0,0,8,18,4,4.75,4,0.25,1,78,2,6,18,0.97,0.84,0.91,3,3,1,1,111892,1,8,27,3,4.5,13,0.25,0,2,6,18,0.96,0.83,0.87,3,3
449,1,0,0,0,0,0,0,1,0,2,0,25,3,4.87,3.5,,0,3,2,6,18,,,,4,4,1,1,110792,,15,15,5,5,52,0.25,0,2,6,18,0.97,0.84,0.73,3,3
450,1,0,0,0,0,0,0,1,0,0,2,21,3,4.75,13,0.15,0,50,2,6.5,16.5,0.97,0.82,0.84,3,3,1,1,111892,2,27.5,8,3,4.75,13,0.25,1,2,6,18,0.91,0.84,0.86,3,3
451,1,0,0,0,0,0,0,1,0,0,10,17,5,5,52,0.25,0,0,2,0,24,1.05,0.84,0.96,6,4,1,1,111792,2,26,9,6,5,26,0.2,0,2,0,24,1.11,0.84,0.94,6,3
454,2,1,0,0,0,0,0,1,0,0,1,9,3,4.5,4,0.15,0,,2,11,10,0.94,0.73,2.53,4,3,1,1,111292,,0,18,5,5,13,0.25,0,1,11,11,0.94,0.73,2.64,4,3
455,2,1,0,0,0,0,0,1,0,0,2,8,5,5.25,13,0.25,0,0,1,11,10,0.73,0.73,2.32,2,2,1,1,111292,,3,12,2,5,13,0.25,0,2,11,11,0.94,0.84,2.32,4,3
458,2,1,0,0,0,0,1,0,0,2,2,10,2,5,19,0.15,0,0,1,11,10,0.94,0.73,2.32,4,4,1,1,111792,1,2,9,2,5,13,0.25,0,1,11,10.5,0.9,0.73,2.32,4,3
459,3,1,0,0,0,0,0,1,0,0,5,20,3,4.25,13,0.37,0,,2,6,16,1.05,0.9,0.94,5,,2,1,122292,1,0,20,5,4.35,28,0.15,1,2,7,15,1.01,1.01,0.89,4,2
462,3,1,0,0,0,0,0,1,0,0,2.5,20,3,5,13,0.37,1,5,2,9,12.5,1.05,1.01,1.11,4,4,2,1,122292,1,1,25,4,4.75,13,0.2,0,2,9,12,1.01,1.01,0.89,6,3
466,4,0,0,0,0,0,0,1,0,2,8,17.5,4,4.75,17,0.3,1,65,3,10.5,11.5,0.94,0.8,0.94,2,2,1,1,111892,5,14,12,3,,52,,0,1,10.5,11.5,0.94,,,2,2
468,1,0,0,0,0,0,0,1,0,0,40,30,3,5,13,0.17,0,0,2,6,18,0.95,0.94,0.95,4,3,1,1,110792,,9,32,4,5,26,0.13,1,2,6,18,0.97,0.84,0.86,4,3
469,1,0,0,0,0,0,0,1,0,0,8,27,5,5,39,0.25,0,80,2,6,18,0.92,0.72,0.96,3,2,1,1,111692,1,7,39,4,4.5,41,0.23,0,2,6,18,0.92,0.81,0.87,3,3
470,1,0,0,0,0,0,0,1,0,0,10.5,30,3,5.5,,0.3,0,0,2,6,18,0.97,0.84,0.94,3,3,1,1,111792,2,18,10,3,4.75,13,0.15,1,2,6,18,1.03,0.84,0.94,3,2
471,1,0,0,0,0,0,0,1,0,2,25,20,4,4.25,26,,0,50,2,6,18,0.97,0.84,0.91,2,2,1,1,111692,,12,23,3,4.25,26,0.15,0,2,6,18,0.97,0.86,0.91,3,1
472,1,0,0,0,0,0,0,1,0,2,37.5,2,3,4.25,52,,0,80,2,6.5,16.5,0.97,1.05,0.91,3,3,1,1,110792,,8,25,3,4.9,13,0.18,0,2,6,17,0.96,0.84,0.91,3,3
473,1,0,0,0,0,0,0,1,0,0,5,27,4,4.75,26,0.5,1,50,2,6,17,0.97,0.86,0.89,3,2,1,1,111792,1,26,15,2,4.5,19,0.13,0,2,6,17,0.97,0.84,0.86,3,3
474,1,0,0,0,0,0,0,1,0,2,6,9,3,5,26,0.37,0,0,2,9,12.5,1.13,0.98,1.01,3,1,2,1,122292,1,5,20,3,4.5,,0,0,2,8.5,13,1.09,0.94,0.94,3,2
475,1,0,0,0,0,0,0,1,0,1,25,8,3,4.5,,,0,60,1,7,15,1.02,0.89,0.9,3,3,1,1,110792,,10,16,3,4.5,26,0.15,0,1,7,15,1.02,0.94,0.9,3,3
476,1,0,0,0,0,0,1,0,0,2,6,30,3,4.25,52,0.12,0,60,2,6,18,0.95,0.79,0.91,3,3,1,1,111792,1,5,30,3,4.75,52,0.2,0,2,6,18,0.96,0.84,1.18,3,3
477,1,0,0,0,0,0,0,1,0,1,8,28,4,4.25,39,0.12,1,50,2,6.5,16.5,0.97,0.78,0.99,3,3,1,1,110792,,6,20,4,6.25,26,0.5,0,2,6,17,0.96,0.84,0.89,3,3
478,1,0,0,0,0,0,1,0,0,0,32,25,4,4.5,13,0.22,0,30,2,6,19,0.97,0.86,0.91,3,3,2,1,122292,1,8,30,4,4.35,13,0.25,0,2,6,18,1.01,0.88,0.91,3,2
481,2,1,0,0,0,0,0,1,0,2,5,17.5,3,5.25,26,0.25,1,0,3,11,10,0.95,0.74,2.53,5,4,1,1,111792,2,15,4,3,5,26,0.25,1,2,11,11,0.74,0.73,2.53,3,3
483,2,1,0,0,0,0,0,1,0,0,1,15,1,5,13,0.07,1,0,2,11,10,0.94,0.73,2.32,4,3,1,1,111292,,4,13,3,4.75,13,0.18,0,1,11,11,0.95,0.74,2.33,4,3
485,2,1,0,0,0,0,0,1,0,2,1,9,3,4.5,26,0.37,0,80,2,11,10,0.95,0.74,2.33,4,3,1,1,111292,,4,12,3,4.5,19,,0,2,11,11,1.01,0.73,2.32,4,3
487,3,1,0,0,0,0,0,1,0,0,10,6,2,5,13,0.17,1,0,2,10,11.5,1.11,0.91,0.95,6,3,1,1,111192,,6,20,3,4.75,26,0.1,0,2,10.5,11,1.05,1.01,0.94,6,1
488,3,0,0,0,0,0,0,1,0,1,20,13,3,5,13,0.25,1,0,2,6,16,1.05,0.79,1.01,5,5,1,1,111192,,5,15,3,4.75,26,0.13,0,2,7,15,1.01,1.01,0.94,5,3
489,3,0,0,0,0,0,0,1,0,2,5,23,2,5,13,0.37,1,6,2,7,14,1.05,1.01,0.94,4,4,1,1,111892,2,2,19,3,4.25,26,0.13,0,2,10,11.5,1.01,1.01,1.05,6,3
490,3,1,0,0,0,0,0,1,0,0,10,12.5,4,5,13,0.12,0,0,2,6,16,1.05,1.01,1.05,4,4,1,1,111692,1,2,18,3,5,26,0.28,0,2,6,16,1.01,1.01,1.05,5,3
491,3,0,0,0,0,0,0,1,0,0,4,25,2,4.5,13,0.37,0,100,2,8.5,13,1.05,0.91,0.95,3,2,2,3,123092,3,0,0,0,,,,,,,,,,,,
492,3,1,0,0,0,0,0,1,0,0,2,16,3,4.5,13,0.25,0,75,2,9,12.5,1.11,1.05,0.94,2,1,1,1,111192,,4,15,2,4.5,19,0.1,0,2,9,12.5,1.11,1.11,1.05,2,1
493,3,1,0,0,0,0,1,0,0,0,27,12,3,5,26,0.25,0,0,2,6,16,1.05,0.9,2.01,6,3,1,1,111192,,0,30,4,4.9,13,0.25,0,2,6,16,1.02,1.01,0.84,3,3
495,3,0,0,0,0,0,0,1,0,2,4,28,3,5,26,0.25,0,2,2,7,15,1.05,1.01,0.94,3,3,1,1,111192,,8,20,3,5,26,0.25,1,2,6,16,0.96,1.01,1.01,5,3
496,3,1,0,0,0,0,0,1,0,0,10,15,3,5,13,0.17,1,0,2,6,16,1.05,0.9,0.73,5,3,1,1,111192,,10,10,3,4.75,19,0.18,0,2,6,16,1.01,1.01,0.89,,
497,4,1,0,0,0,0,0,1,0,0,12,15,3,4.5,13,0.15,1,37,2,10,12,0.91,0.84,0.84,2,2,1,1,111392,,,,5,,,,0,2,10,12,1.01,0.9,0.79,2,2
498,4,1,0,0,0,0,0,1,0,2,20,10,3,4.75,26,0.1,1,75,2,10,12,0.91,0.84,0.85,2,2,1,1,111792,2,21,5.5,3,5,26,,1,2,10,12,0.98,0.84,0.9,2,2
499,4,1,0,0,0,0,0,1,0,0,0,28,5,5,26,0.07,1,11,2,10,12,0.9,0.69,1.75,2,2,1,1,111492,1,0,31,5,5,26,0.1,1,2,10,12,0.9,0.69,0.94,2,2
501,1,0,0,0,0,0,0,1,0,0,14,15,3,4.25,4,0.37,1,63,2,6.5,16.5,0.84,0.84,0.94,3,3,1,1,111792,2,30,15,6,4.75,4,0.35,1,1,6,18,1.03,0.91,0.91,3,3
503,1,0,0,0,0,0,0,1,0,2,7.5,14,4,4.75,,0.12,0,100,2,6.5,16.5,0.97,0.84,0.91,3,3,1,1,110792,,35,6.5,3,4.5,13,0.15,0,2,6,18,0.97,0.84,1,3,3
506,2,1,0,0,0,0,1,0,0,0,3,7,2,,13,0.37,0,30,2,11,10,0.95,0.74,2.33,3,3,1,1,111292,,3,7,4,5,19,0.25,,1,11,11,0.95,0.74,2.33,4,3
509,3,1,0,0,0,0,0,1,0,2,3,16,3,5,13,0.25,0,30,2,6,16,1.05,0.95,1.16,6,3,1,1,111192,,5.5,10,3,4.25,26,0.2,0,2,6.5,15.5,1,1.01,0.94,3,2
510,3,1,0,0,0,0,0,1,0,0,7,25,4,4.25,26,0.25,0,60,2,6,16,1.05,0.91,1.05,3,3,1,1,111892,2,2.5,17.5,3,,13,,1,2,7,15,1.05,1.01,,5,3
511,3,1,0,0,0,0,0,1,0,0,4,16,3,4.75,9,0.15,0,75,2,6,16.5,1.01,0.91,1.05,4,4,1,1,111192,,3,13,3,4.75,,,0,2,7,15,1.01,1.01,0.89,6,2
514,3,0,0,0,0,0,0,1,0,0,5,20,3,4.5,26,0.25,0,25,2,6,16,0.94,0.9,0.94,5,3,1,1,111192,1,23,16,3,4.25,10,0.2,0,2,6,16,0.95,0.95,1.05,6,4
515,3,1,0,0,0,0,0,1,0,0,7,16,4,5,13,0.2,0,33,2,6,16,1.05,0.94,1.16,5,3,1,1,111192,,5,19,3,4.75,13,0.18,0,2,6,16,1.01,1.01,0.94,5,4
516,3,1,0,0,0,0,0,1,0,2,6,22.5,3,4.75,13,0.12,0,23,3,6,16,1.05,0.91,1.05,4,3,1,1,111692,,2,12,2,4.91,14,0.18,1,2,8,14,1.01,0.95,0.89,5,3
521,1,0,0,0,0,0,1,0,0,0,2.5,20,3,4.25,13,,1,50,2,6.5,16.5,,,0.52,4,4,1,1,110792,,0,12,8,4.4,13,0.13,1,2,7,16,0.41,0.84,0.89,4,2
522,1,0,0,0,0,0,1,0,0,2,2,30,4,4.35,26,0.2,0,75,3,7,16,1,0.87,0.94,3,3,1,1,110792,,3,23,3,4.25,26,0.15,0,3,7,16,1,0.74,0.95,3,3
49,2,0,0,0,0,0,1,0,0,0,6.5,6.5,4,,26,,0,,2,10,13,1.01,0.9,2.35,4,3,1,1,111292,,0,15,4,4.45,13,0.05,0,2,10,13,1.01,0.89,2.35,4,4
56,4,1,0,0,0,0,1,0,0,0,20,20,4,5,26,0.1,1,0,2,10,12,0.87,0.82,1.79,2,2,1,1,111492,,0,36,2,5.25,26,0.15,0,2,10,12,0.92,0.79,0.87,2,2
61,4,1,0,0,0,0,1,0,0,0,6,26,5,5.5,52,0.15,1,0,3,10,12,0.87,0.77,1.65,2,2,1,1,111492,,28,3,6,4.75,13,0.15,0,2,10,12,1.01,0.84,0.95,2,2
62,4,1,0,0,0,0,1,0,0,2,0,31,5,5,26,0.07,0,45,2,10,12,0.87,0.77,0.95,2,2,1,1,111492,,,,,,26,,0,2,10,12,,0.84,1.79,3,3
37,1,0,0,0,0,0,1,0,0,2,21,9,7,4.25,4,0.25,0,33,2,6.5,16.5,0.98,0.84,0.84,5,3,1,1,111092,,6,25,7,4.25,52,0.18,0,2,6.5,16.5,0.98,0.84,0.86,6,3
39,1,0,0,0,0,0,1,0,0,0,1,32,2,4.25,8,,0,100,2,6.5,17.5,1.03,0.73,0.52,4,2,1,1,111792,,5,15,3,,,,0,2,6.5,16.5,1.05,,0.63,4,2
40,1,0,0,0,0,0,1,0,0,0,10,20,7,4.25,4,0.15,0,100,2,6.5,16.5,0.98,0.82,0.8,3,3,1,1,111092,,7,25,6,4.25,8,0.13,0,2,6.5,17.5,0.98,0.82,0.87,3,2
41,1,0,0,0,0,0,1,0,0,0,0,27,6,4.25,18,0.2,0,100,2,6.5,16.5,0.98,0.82,0.85,3,3,1,1,111892,2,0,42,6,4.25,,,0,2,6.5,17.5,0.94,0.78,0.91,3,2
42,1,0,0,0,0,0,1,0,0,2,17,4,5,4.5,,,0,100,2,6.5,16.5,0.98,0.83,0.86,3,3,1,1,111792,1,0,22,5,4.25,26,0.25,0,2,6.5,16.5,0.94,,,3,2
45,1,0,0,0,0,0,1,0,0,0,0,24,6,4.25,2,0.25,0,25,2,7,16,0.98,0.83,0.86,3,3,1,1,111092,,11,12,2,4.25,26,0.15,0,3,6.5,17.5,0.98,0.75,0.86,3,3
47,1,0,0,0,0,0,1,0,0,2,25,15,,4.5,4,0.17,0,75,2,6,17,1.05,0.86,0.86,3,3,1,1,111092,,0,45,2,4.25,,,0,2,6,18,1.05,0.86,0.86,3,
48,1,0,0,0,0,0,1,0,0,0,6,20,3,4.25,13,0.2,1,31,3,7,14,1.01,0.84,0.63,4,3,1,1,111092,,7.5,25,5,4.38,13,0.25,1,3,7,14,0.98,0.79,0.87,4,3
50,2,0,0,0,0,0,1,0,0,0,6,10,3,4.5,13,,0,20,2,10,12,1.01,0.89,3.5,4,3,1,1,111292,,4,20,3,4.75,13,0.1,0,2,10,13,1.01,0.89,2.35,4,3
51,2,0,0,0,0,0,1,0,0,1,0,15,3,4.25,,0.15,0,100,2,10,13,1.01,0.89,2.35,4,3,1,1,111792,2,6,15,3,4.25,,,0,2,10,13,1,0.89,2.35,5,3
57,4,1,0,0,0,0,1,0,0,0,30,10,3,4.67,26,0.07,1,70,2,10,12,0.87,0.79,0.9,2,2,1,1,111492,1,7,18,4,4.5,26,0.13,1,2,10,12,1.01,0.78,0.9,2,2
58,4,1,0,0,0,0,1,0,0,2,8,25,3,4.75,26,0.15,0,80,2,10,12,0.87,0.77,1.01,2,2,1,1,111492,2,0,28,4,4.5,26,0.08,1,2,10,12,1.04,0.84,0.94,2,2
59,4,0,0,0,0,0,1,0,0,3,0,15,3,4.25,26,0.1,0,90,1,7.5,10.5,0.91,0.89,0.81,2,2,1,1,111492,1,0,16,4,4.25,26,0.1,0,1,7.5,10.5,1.01,0.84,0.86,2,2
60,4,0,0,0,0,0,1,0,0,0,10,20,5,4.25,4,0.1,0,75,1,10.5,11.5,0.94,0.74,0.86,2,2,1,1,111792,2,10,20,5,4.25,4,0.25,0,1,10,12,0.98,0.84,0.86,2,2
6,3,1,1,0,1,0,0,0,0,2,2,2,2,5,13,0.25,0,100,1,11,7,1.2,1.17,2.35,4,2,1,1,111792,1,5,2,2,5.05,13,0.15,0,1,10,8,1.11,1.01,2.23,4,2
14,2,0,1,0,1,0,0,0,0,0,10,8,2,5.12,6,0.25,0,0,3,11,11,1.06,0.85,2.49,6,5,1,1,110592,,4,17,3,5.05,13,0.25,1,2,11,11,1.05,0.94,2.6,6,3
26,1,0,1,0,0,1,0,0,0,3,30,15,4,5.56,6,,1,,2,7,16,1.06,0.91,0.98,4,2,1,1,111792,2,10,20,4,5.05,,,0,2,7,16,1.01,0.94,0.94,5,4
27,2,1,1,0,1,0,0,0,0,2,4,10,4,5,,0.37,0,0,1,11,10,1.06,0.85,2.34,4,3,1,1,111292,,0,7,4,5.05,26,0.25,0,1,11,10,1.05,0.84,2.53,4,3
30,2,0,1,0,0,1,0,0,0,4,6,4,2,5,13,0.37,0,0,1,11,10,1.06,1.06,2.53,2,2,1,1,111292,,4,3,2,5.05,19,0.25,1,1,11,10,0.94,0.92,2.69,2,2
31,2,0,1,0,1,0,0,0,0,2,4,16,3,5.25,13,0.15,0,0,2,11,11,1.03,1.06,2.56,4,3,1,1,111492,3,6,15,5,5.05,26,0.25,0,1,10.5,12.5,1,1.05,2.64,4,4
33,3,0,1,0,0,1,0,0,0,0,12,20,4,5,26,0.25,0,7,2,6,17,1.02,1.07,0.95,5,4,1,1,111392,,6,11,5,5.05,,0.2,0,2,6,17,1.11,1.06,1.05,4,2
36,4,0,1,0,1,0,0,0,0,0,8,12,4,5.5,30,0.17,1,0,2,10.5,13,1.02,0.91,2.57,2,2,1,1,111492,,10,35,6,5.05,26,0.15,1,2,10.5,12.5,0.95,0.89,1.19,2,2
77,3,0,1,0,0,1,0,0,0,0,6,50,4,5,4,0.15,0,100,2,6,19,1.18,1.07,1.17,6,5,1,1,111992,4,4,60,3,5.05,52,0.15,0,2,6,19,1.06,1.06,1.05,6,2
78,3,1,1,0,0,1,0,0,0,0,13,10,3,5,26,0.15,0,0,2,6,17,1.12,1.02,1.02,4,2,1,1,111392,,10,12,2,5.05,26,0.1,0,2,7,16,1.11,1.01,1.05,5,3
81,4,0,1,0,0,1,0,0,0,4,25,13,3,5,26,0.1,0,95,2,10,12,1.06,0.98,1.06,2,2,2,1,121592,3,0,45,4,5.05,,,1,2,10.5,11.5,1.11,0.98,2.07,2,1
82,4,0,1,0,0,1,0,0,0,6,8,14.5,3,5,13,0.37,1,0,2,10.5,13.5,1.06,1.03,1.06,2,2,1,1,111492,,25,8,4,5.05,13,0.18,1,2,10.5,13.5,1.11,0.98,1.05,2,2
83,4,0,1,0,0,1,0,0,0,2,12.5,20,2,5,13,0.25,0,11,2,10.5,13.5,1.06,0.98,2.13,2,2,1,1,111792,2,,,4,5.05,26,0.5,0,2,10,14,1.11,0.89,0.99,2,2
85,1,0,1,0,1,0,0,0,1,3,7,20,3,5.5,26,0.52,0,1,1,9,12.5,1.12,1.02,1.02,5,4,1,1,111692,,0,35,3,5.05,26,0.18,0,1,9,12.5,1.11,1.01,1.05,5,1
89,1,1,1,0,1,0,0,0,0,2,10,6,3,5,13,0.17,0,0,2,7,16,1.09,0.95,1.04,3,2,1,1,111092,,6,25,6,5.5,4,0.63,0,2,7,16,1.11,1.01,1.05,3,3
94,2,0,1,0,1,0,0,0,0,2,0,25,5,5,26,0.25,0,0,3,11,10,1.06,0.8,2.56,,,1,1,111292,,2,20,4,5.05,52,0.25,0,1,11,10,1.05,0.79,2.53,3,
1,1,0,1,0,1,0,0,0,0,0,16,30,4,4.5,,0.25,0,80,3,7,16,0.93,0.83,0.85,4,3,1,1,110592,,20,40,4,5.05,,,0,2,7,16,1.05,0.79,0.9,4,3
2,1,0,1,0,1,0,0,0,0,0,10,6,3,4.75,26,0.5,1,80,1,7,14,1.06,0.91,0.96,2,2,1,1,110592,,7.5,10,3,5.25,19,0.38,1,1,7,15,1.05,1.01,0.94,2,2
3,2,0,1,0,1,0,0,0,0,3,6,13,3,4.25,13,0.25,1,50,2,11,10,1.06,0.95,3.09,5,3,1,1,111792,2,4,7,3,5.05,26,0.25,0,1,11,11,1.05,0.94,2.75,5,3
4,3,0,1,0,1,0,0,0,0,0,10,12,3,4.75,4,0.25,0,50,2,9,12.5,1.06,1,2.13,8,4,1,1,110592,,5,30,4,5.05,26,0.28,0,2,8,13.5,1.22,1.37,0.89,6,4
5,3,0,1,0,1,0,0,0,0,0,5,30,4,4.5,13,0.17,0,,1,6,17,0.95,,2.13,5,4,1,1,111892,2,10,30,4,5.15,4,0.18,0,2,6,17,1.05,0.94,0.94,5,5
8,4,0,1,0,1,0,0,0,0,0,,25,4,4.8,,0.15,0,,1,10.5,12,1.02,0.91,2.28,2,1,1,1,110592,,15,25,3,5.05,26,0.33,0,2,10,13,1.01,1.01,0.94,2,2
9,1,0,1,0,1,0,0,0,0,2,12,40,4,4.37,26,0.15,0,35,2,7,16,1.04,0.67,0.85,4,4,1,1,110592,,0,32,4,5.05,26,0.13,0,2,7,16,1.11,0.92,1.01,4,3
10,1,0,1,0,1,0,0,0,0,0,15,20,4,4.25,39,0.17,0,80,2,7,16,1.04,0.85,0.85,3,3,1,1,110592,,15,15,4,5.05,4,0.28,0,2,7,16,0.94,0.87,0.94,3,2
11,1,0,1,0,1,0,0,0,0,2,10,30,4,4.25,26,0.1,0,80,2,7,16,1.09,0.89,0.91,3,3,1,1,111792,1,12,24,3,5.05,,,0,2,7,16,1.05,0.87,0.94,3,2
12,1,0,1,0,1,0,0,0,0,0,6.5,23.5,3,4.37,9,0.1,0,100,2,7,16,1.05,0.79,0.91,3,3,1,1,111892,3,15,15,4,5.05,26,0.25,0,3,7,16,1.01,0.92,0.94,3,2
13,2,0,1,0,1,0,0,0,0,0,0,25,3,4.5,7,0.25,0,100,2,11,10,1.06,0.95,2.66,5,4,1,1,111792,1,2,11,3,5,13,0.25,0,1,11,11,1.01,0.94,2.75,4,3
15,3,0,1,0,1,0,0,0,0,3,3,25,4,4.6,9,0.15,1,95,2,6,17,1.02,0.98,0.95,5,4,2,1,121092,5,5,20,3,5.05,,0.25,0,2,6,17,1.05,1.01,2,3,3
16,3,0,1,0,1,0,0,0,0,0,6,22,4,4.5,13,0.25,0,50,2,6,17,1,1,,5,5,1,1,110592,,7,17,3,5.05,19,0.25,0,2,6,17,1.05,1.01,0.94,5,5
17,3,0,1,0,1,0,0,0,0,0,0,20,4,4.37,13,0.25,0,60,2,6,17,1.06,1,2.02,6,5,1,1,111692,1,4,35,4,5.05,13,0.2,0,2,6,17,1.05,0.94,0.95,6,5
18,3,0,1,0,1,0,0,0,0,2,15,25,3,4.25,13,,0,50,2,6,17,,,,4,4,1,1,110592,,8,38,5,5.05,,0.25,1,2,6,17,1.05,1,0.63,7,7
19,1,0,1,1,0,0,0,0,0,3,4,31,4,4.25,4,0.25,0,50,2,6,16,1.05,0.91,0.93,3,3,1,1,110592,,6,44,5,5.05,52,0.3,0,2,6,16,1.04,0.93,0.95,2,2
21,2,0,1,1,0,0,0,0,0,0,5,12,3,4.45,6,0.1,0,90,2,10.5,10.5,1.06,0.8,2.13,3,3,1,1,111492,1,0,11,2,5.05,,,0,2,11,10,0.94,0.94,2.43,3,3
22,3,0,1,1,0,0,0,0,0,2,3,15,4,4.35,26,0.12,0,90,2,7,16,1.06,0.84,0.95,4,1,1,1,110592,,3,15,2,5.05,19,0.13,0,2,7,15,1.05,1.05,0.94,4,4
23,1,0,1,0,0,1,0,0,0,2,0,25,3,4.5,26,0.12,0,75,2,7,16,1.06,0.95,0.95,3,2,1,1,111792,1,14,14,3,5.05,,,0,1,6.5,16.5,1.05,0.94,0.94,3,2
24,1,0,1,0,1,0,0,0,0,2,15,15,4,4.75,13,0.25,1,40,2,7,16,1.06,0.95,1.01,4,3,2,1,122192,3,15,20,4,5.05,52,0.15,0,2,,,1.05,0.94,1,4,3
28,2,0,1,0,0,1,0,0,0,6,0,14,1,4.5,,0.25,0,10,2,11,10,1.06,1.17,2.56,2,1,1,1,111892,3,6,2,3,,,,0,1,11,10,,1.05,2.64,3,2
29,2,0,1,0,0,1,0,0,0,3,0,7,2,4.5,4,0.25,0,,2,11,11,1.06,1.01,2.56,3,2,1,1,111292,,0,13,3,5.05,26,0.25,0,1,11,11,1.05,1.05,2.64,3,3
32,3,0,1,0,0,1,0,0,0,0,10,20.5,3,4.5,26,0.25,0,40,2,10.5,11.5,1.12,1.02,1.06,4,3,1,1,111792,1,2,25,3,5.05,26,0.23,0,2,10.5,11.5,1.22,1.11,2.28,4,4
34,3,1,1,0,0,1,0,0,0,0,5,15,3,4.95,26,,0,75,2,10.5,11.5,1.12,1.02,1.06,5,3,1,1,111392,,11,7,3,5.05,26,0.5,0,2,10.5,11.5,1.22,1.11,0.73,5,2
35,4,0,1,0,0,1,0,0,0,2,25,6.5,4,4.5,9,0.25,1,,2,10.5,11.5,0.96,0.95,2.13,2,2,1,1,111992,6,13,18,3,5.05,13,0.25,0,2,10.5,11.5,1.03,,,2,2
38,1,0,1,0,1,0,0,0,0,0,15,20,5,4.25,17,0.15,0,100,2,6,17,1.05,0.95,0.98,3,2,1,1,111092,,10,20,6,5.05,,0.25,0,3,6.5,17.5,0.98,0.82,0.76,3,2
63,1,1,1,0,0,1,0,0,0,1,26,6,,4.25,26,,0,75,2,6,18,1.1,0.97,1.17,4,3,1,1,111792,1,15,10,4,5.05,26,0.1,0,2,7,18,1.11,1.01,1.09,4,3
64,1,0,1,0,0,1,0,0,0,1,20,15,3,4.5,26,0.2,0,60,3,7,16,1.06,0.95,0.95,3,2,1,1,111092,,13,13,3,5.05,26,0.25,0,2,7,16,1.05,0.95,0.95,3,3
65,1,0,1,0,0,1,0,0,0,5,0,20,4,4.8,52,0.25,0,90,2,6.5,15.5,1.06,0.85,1.11,3,3,2,2,121592,3,,,3,5.05,,,,,,,,,,,
66,1,0,1,0,0,1,0,0,0,0,15,18,3,4.25,26,0.15,0,20,2,7,17,1.06,0.95,0.95,3,2,1,1,111092,,26,10,4,5.05,26,0.25,1,1,7,17,1.05,0.95,0.95,3,3
67,1,0,1,0,0,1,0,0,0,0,5,15,6,4.5,13,0.25,0,55,1,8,13.5,1.17,1.06,1.17,3,2,1,1,111092,,4,17.5,5,5.05,,,0,1,8,13.5,1.32,1.05,1.22,3,3
68,1,0,1,0,0,1,0,0,0,1,30,10,3,4.25,14,0.05,0,,3,7,17,1.07,1.02,1.02,3,3,1,1,111092,,13,17,3,5.05,13,0.28,0,3,7,17,1.05,0.95,0.95,3,1
69,1,0,1,0,0,1,0,0,0,0,0,27,3,4.25,13,0.22,0,100,2,7,18,1.17,0.95,0.95,4,2,1,1,111792,,0,27,3,5.05,13,0.2,0,2,7,18,1.26,1.01,1,4,2
70,1,0,1,0,0,1,0,0,0,0,35,20,5,4.5,13,0.27,0,50,1,7,16,1.06,0.95,1.02,3,3,1,1,111092,,10,30,5,5.05,4,0.23,,1,7,16,1.05,0.95,1.01,3,3
71,1,0,1,0,0,1,0,0,0,1,0,35,3,4.75,13,0.25,0,100,3,7,17,1.06,0.95,0.95,3,2,1,1,111692,,29,14,3,5.05,26,0.18,1,3,7,17,1.05,0.95,0.95,3,2
73,2,0,1,0,0,1,0,0,0,1,0,7,3,4.25,,0.75,0,40,3,11,12,1.06,1.06,2.45,3,2,1,1,111792,2,14,0,3,5.05,4,0.05,0,2,11,11,1.05,1.05,2.43,3,
75,2,0,1,0,0,1,0,0,0,0,3,15,3,4.25,4,0.25,0,0,2,11,11,1.17,1.27,2.77,3,3,1,1,111292,,4,11,3,5.05,6,0.25,1,2,11,11,1.16,1.16,2.75,3,3
76,3,1,1,0,0,1,0,0,0,0,8,32,4,4.25,26,0.2,0,50,2,6,17,1.12,1.02,1.02,6,3,1,1,111392,,25,15,6,5.05,13,0.15,1,2,6.5,16.5,1.11,1.06,1.05,6,3
79,3,1,1,0,0,1,0,0,0,4,6,25,3,4.5,26,0.15,0,30,2,6,17,1.17,1.02,1.06,5,4,1,1,111392,,8,18,3,5.05,41,0.13,0,2,7,16,1.11,1.06,1.05,5,4
80,4,0,1,0,0,1,0,0,0,1,4.5,20,,4.25,26,0.25,0,90,2,10.5,11.5,1.06,0.98,1.06,2,2,1,1,111492,2,11,14,3,5.05,13,0.1,0,2,10.5,12.5,1.12,0.98,0.99,2,1
84,1,0,1,0,1,0,0,0,0,3,4,30,5,4.5,26,0.15,0,50,2,7,16,1.04,0.85,0.91,4,2,1,1,111692,,12,30,5,5.05,52,0.2,0,2,7,16,1.05,0.9,0.94,3,3
86,1,0,1,0,1,0,0,0,0,1,11,11,4,4.25,13,0.25,0,,3,7,15,1.06,0.94,1.1,3,3,1,1,111092,,9,12,4,5.05,4,0.13,0,3,7,15,1.05,1.05,1.04,3,3
87,1,0,1,0,1,0,0,0,1,0,0,15,,4.5,26,,0,,2,7,15,1.06,0.86,1.02,3,3,1,1,111092,,0,30,5,5.05,41,0.18,0,3,7,15,1,0.99,1.04,3,3
88,1,0,1,1,0,0,0,0,0,0,3,35,3,4.25,,,1,75,3,7,15,1.06,0.87,0.91,5,5,2,1,121892,2,4,37,4,5.05,42,0.18,0,2,7,15,1.05,0.87,0.94,5,2
91,1,1,1,0,1,0,0,0,1,2,8,22,4,4.25,8,0.15,0,100,2,7,17,1.09,0.93,1.04,3,3,1,1,111792,1,0,30,4,5.05,26,0.18,0,1,7,17,1.11,1.05,1.05,3,3
92,1,1,1,0,1,0,0,0,1,0,4,18,4,4.25,13,0.75,0,100,2,7,15,1.09,0.95,1.03,3,3,1,1,111092,,14,6,3,5.05,,0.25,0,2,7,15,1.11,1.01,1.05,3,3
93,1,1,1,0,0,1,0,0,0,0,2.5,30,3,4.25,52,0.15,0,90,2,7,16,,,0.96,,,1,1,111092,,5,25,5,5.05,13,0.15,0,2,7,16,1.11,1.05,1.05,4,3
95,2,0,1,0,1,0,0,0,0,1,18,3,4,4.25,26,0.27,0,40,1,11,10,1.06,0.8,2.56,4,3,1,1,111292,,0,14,3,5.05,13,0.25,0,1,11,10,1.05,0.75,2.53,3,3
96,2,0,1,0,0,1,0,0,0,2,0,15,2,4.25,26,0.12,0,80,2,11.5,10,1.06,1.01,2.66,3,2,1,1,111892,3,0,15,5,5.05,26,0.15,0,2,11.5,10.5,1.05,0.94,2.59,4,0
97,2,0,1,0,1,0,0,0,0,2,0,12,4,4.25,13,0.25,1,58,2,11,10,1.02,0.75,2.56,3,2,1,1,111292,,2.5,11,3,5.05,13,0.3,0,2,11,10,1.05,0.8,2.54,3,2
98,2,0,1,0,1,0,0,0,1,0,0,20,4,4.25,13,0.4,0,80,3,11,10,1.06,0.8,2.56,3,3,1,1,111292,,3,13,3,5.05,13,0.45,0,1,11,10,1.05,0.9,2.53,3,3
99,3,1,1,0,1,0,0,0,1,0,60,40,5,4.75,26,0.15,0,50,2,0,24,1.23,,2.3,8,6,2,1,121892,6,30,50,4,5.05,15,0.25,1,2,0,24,1.22,1.17,2.32,5,2
